;;;;;;USA/CANADA;;;;;;;;OTHERS;;UK;;;;;;;;;;SPAIN;;FRANCE;;;;;;;;;;;;;;;Autres EUR;;;AMLAT;;;ASIA;ASIA;ASIA;;
Pays;Domaine ou Marque;Couleur;Nom du vin;Millésime;Available;Wine Spectator;Wine Enthusiast;Wine Advocate;Wine & Spirits;Vinous;James Suckling;Wine Align;Jeb Dunnuck;Miquel Hudin;TASTED Andreas Larson;Decanter;IWC;IWSC;Tim Atkin;Jancis Robinson;Wine Merchant Magazine;Wine Anorak;Harpers;Sommelier Edit Awards (Via CIVR);Drinks Business;Gourmets;Guia Penin;RVF;Le Point;Terre de Vins;Anivin;Mondial Grenache;Mondial SB;Gilbert & Gaillard;Sud-Ouest;Concours de Bruxelles;Académie des Vins et de la Gastronomie;Concours Général Agricole de Paris;Concours IGP;Bettane & Desseauve;PARIS INTERNATIONAL TROPHY;GILBERT & GAILLARD (gold entre 87 et 89 / dble gold à partir 90);Falstaff;Yves Beck;Mundus vini;Descorchados;Vinomanos;la CAV;Tatler HK;Jeannie Cho Lee MW;Sakura Wine Awards;RECAP EMAIL;date_ajout
Argentine;Bodega Piedra Negra ;Rouge ;Alta Coleccion - Cabernet Sauvignon;2018;;;;;;;91;;;;;;;;;;;;;;;;;;;;;;;;;;;;;;;;;;;;;;;;;;
Argentine;Bodega Piedra Negra ;Rouge ;Alta Coleccion - Cabernet Sauvignon;2019;;;82;;;;93;;;;;;;;88;;;;;;;;;;;;;;;;;;;;;;;;;;;;;;;;;;
Argentine;Bodega Piedra Negra ;Rouge ;Alta Coleccion - Cabernet Sauvignon;2020;;86;;;;;91;;;;;;;;88;;;;;;;;;;;;;;;;;;;;;;;;;;;;;;;;;;
Argentine;Bodega Piedra Negra ;Rouge ;Alta Coleccion - Cabernet Sauvignon;2021;;;;;;;89;;;;;;;;89;;;;;;;;;;;;;;;;;;;;;;;;;;;;;;;;;;
Argentine;Bodega Piedra Negra ;Rouge ;Alta Coleccion - Cabernet Sauvignon;2022;;;;;;;90;;;;;;;;;;;;;;;;;;;;;;;;;;;;;;;;;;;;;;;;;;
Argentine;Bodega Piedra Negra ;Rouge ;Alta Coleccion - Cabernet Sauvignon;2023;;;;;;86;89;;;;;;;;;;;;;;;;;;;;;;;;;;;;;;;;;;;;;;;;;89JS;
Argentine;Bodega Piedra Negra ;Rouge ;Alta Coleccion - Cabernet Sauvignon;2024;;;;;;;93;;;;;;;;;;;;;;;;;;;;;;;;;;;;;;;;;;;;;;;;;93JS;
Argentine;Bodega Piedra Negra ;Rouge ;Alta Coleccion - Malbec;2018;;;83;;;;91;;;;;;;;;;;;;;;;;;;;;;;;;;;;;;;;;;;;;;;;;;
Argentine;Bodega Piedra Negra ;Rouge ;Alta Coleccion - Malbec;2019;;87;87;;;;92;;;;;;;;87;;;;;;;;;;;;;;;;;;;;;;;;;;;;;;;;;92JS;
Argentine;Bodega Piedra Negra ;Rouge ;Alta Coleccion - Malbec;2020;;84;;;;90;92;;;;;;;;88;;;;;;;;;;;;;;;;;;;;;;;;;;;;;;;;;"92JS ; 90V ; 88TA";
Argentine;Bodega Piedra Negra ;Rouge ;Alta Coleccion - Malbec;2021;;;;;;;91;;;;;;;;90;;;;;;;;;;;;;;;;;;;;;;;;;;;;;;;;;"91JS ; 90TA";
Argentine;Bodega Piedra Negra ;Rouge ;Alta Coleccion - Malbec;2022;;;;;;;91;;;;;;;;;;;;;;;;;;;;;;;;;;;;;;;;;;;;;;;;;91JS;
Argentine;Bodega Piedra Negra ;Rouge ;Alta Coleccion - Malbec;2023;;;;;;88;91;;;;;;;;91;;;;;;;;;;;;;;;;;;;;;;;;;;;;;;;;;"91TA ; 91JS";
Argentine;Bodega Piedra Negra ;Rouge ;Alta Coleccion - Malbec;2024;;;89;;;90;91;;;;;;;;;;;;;;;;;;;;;;;;;;;;;;;;;;;;;;;;;89TA;
Argentine;Bodega Piedra Negra ;Rouge ;Alta Coleccion - Malbec;2025;x;;;;;;91;;;;;;;;;;;;;;;;;;;;;;;92 - Double Gold;;;;;;;;;;;;91;;;;;;92 G&G;
Argentine;Bodega Piedra Negra ;Blanc ;Alta Coleccion - Pinot Gris;2019;;;86;;;;90;;;;;;;;;;;;;;;;;;;;;;;;;;;;;;;;;;;90;;;;;;;
Argentine;Bodega Piedra Negra ;Blanc ;Alta Coleccion - Pinot Gris;2020;;;;;;88;91;;;;;;;;88;;;;;;;;;;;;;;;;;;;;;;;;;;;;;;;;;;
Argentine;Bodega Piedra Negra ;Blanc ;Alta Coleccion - Pinot Gris;2021;;;;;;88-90;90;;;;;;;;;;;;;;;;;;;;;;;;;;;;;;;;;;;;;;;;;;
Argentine;Bodega Piedra Negra ;Blanc ;Alta Coleccion - Pinot Gris;2022;;;;;TOP 100 VALUE WINES -91;89;91;;;;;;;;89;;;;;;;;;;;;;;;;;;;;;;;;;;;89;;;;;;"TOP 100 W&S ; 89V ; 91JS ; 89TA ; 89D";
Argentine;Bodega Piedra Negra ;Blanc ;Alta Coleccion - Pinot Gris;2023;;;;;;89;90;;;;;;;;;;;;;;;;;;;;;;;;;;;;;;;;;;;89;;;;;;"90JS ; 89V ; 89D";
Argentine;Bodega Piedra Negra ;Blanc ;Alta Coleccion - Pinot Gris;2024;;;88 Best buy;;;89;89;;;;;;;;;;;;;;;;;;;;;;;;;;;;;;;;;;;;;;;;;;
Argentine;Bodega Piedra Negra ;Blanc ;Alta Coleccion - Pinot Gris;2025;x;;;;;90;90;;;;;;;;90;;;;;;;;;;;;;;;90 - Double Gold;;;;;;;;;;;;89;;;;;;"90TA ; 90 Vinous ; 90 Double Gold ; G&G ; 90JS";
Argentine;Bodega Piedra Negra ;Rosé ;Alta Coleccion - Pinot Gris Rosado;2019;;;85;;;;91;;;;;;;;91;;;;;;;;;;;;;;;;;;;;;;;;;;;;;;;;;;
Argentine;Bodega Piedra Negra ;Rosé ;Alta Coleccion - Pinot Gris Rosado;2020;;;;;;89;91;;;;;;;;88;;;;;;;;;;;;;;;;;;;;;;;;;;;90;;;;;;;
Argentine;Bodega Piedra Negra ;Rosé ;Alta Coleccion - Pinot Gris Rosado;2021;;;BEST BUY -89;;;89-90;92;;;;;;;;;;;;;;;;;;;;;;;;;;;;;;;;;;;;;;;;;"89WE ""BEST BUY"" ; 90V ; 92JS";
Argentine;Bodega Piedra Negra ;Rosé ;Alta Coleccion - Pinot Gris Rosado;2022;;;BEST BUY -89;;;91;92;;;;;;;;90;;;;;;;;;;;;;;;;;;;;;;;;;;;90;;;;;;"89WE ""BEST BUY"" ; 91V ; 92JS ; 90TA ; 90D";
Argentine;Bodega Piedra Negra ;Rosé ;Alta Coleccion - Pinot Gris Rosado;2023;;;;;;;91;;;;;;;;;;;;;;;;;;;;;;;;;;;;;;;;;;;90;;;;;;"91JS ; 90D";
Argentine;Bodega Piedra Negra ;Rosé ;Alta Coleccion - Pinot Gris Rosado;2024;;;;;;;91;;;;;;;;;;;;;;;;;;;;;;;;;;;;;;;;;;;;;;;;;;
Argentine;Bodega Piedra Negra ;Rosé ;Alta Coleccion - Pinot Gris Rosado;2025;x;;;;;91;90;;;;;;;;88;;;;;;;;;;;;;;;;;;;;;;;;;;;90;;;;;;"91 Vinous ; 88TA";
Argentine;Bodega Piedra Negra ;Blanc ;Alta Coleccion - Torrontes;2017;;;;;;;90;;;;;;;;;;;;;;;;;;;;;;;;;;;;;;;;;;;;;;;;;90JS;
Argentine;Bodega Piedra Negra ;Rouge ;Arroyo Grande - Cabernet Franc;2022;;;;91;;;91;;;;;;;;;;;;;;;;;;;;;;;;;;;;;;;;;;;;;;;;;;
Argentine;Bodega Piedra Negra ;Rouge ;Arroyo Grande - Cabernet Franc;2023;;;;;;91;90;;;;;;;;93;;;;;;;;;;;;;;;;;;;;;;;;;;;;;;;;;;
Argentine;Bodega Piedra Negra ;Rouge ;Arroyo Grande - Cabernet Franc;2024;x;;;;;91;92;;;;;;;;91;;;;;;;;;;;;;;;;;;;;;;;;;;;;;;;;;"92JS ; 91TA ; 91V";
Argentine;Bodega Piedra Negra ;Blanc ;Arroyo Grande - Jackot;2018;;;;;;;92;;;;;;;;92;;;;;;;;;;;;;;;;;;;;;;;;;;;;;;;;;;
Argentine;Bodega Piedra Negra ;Blanc ;Arroyo Grande - Jackot;2020;X;;;90;;90;91;;;;;;;;92;;;;;;;;;;;;;;;;;;;;;;;;;;;92;;;;;;"92TA ; 92D ; 91JS ; 90V ; 90WA";
Argentine;Bodega Piedra Negra ;Blanc ;Arroyo Grande - Jackot;2021;X;;;;;;91;;;;;;;;93;;;;;;;;;;;;;;;;;;;;;;;;;;;;;;;;;"93TA ; 91JS";
Argentine;Bodega Piedra Negra ;Blanc ;Arroyo Grande - Jackot;2022;;;;90;;93;93;;;;;90;;;;;;;;;;;;;;;;;;;;;;;;;;;;;;93;;;;;;"90WA ; 93V ; 93JS ; 90DECANTER ; 93D";
Argentine;Bodega Piedra Negra ;Blanc ;Arroyo Grande - Jackot;2023;;;;;;92;92;;;;;;;;91;16;;;;;;;;;;;;;;;;;;;;;;;;;;90;;;;;;"92V ; 92JS; 91TA ; 16JR; 90D";
Argentine;Bodega Piedra Negra ;Rouge ;Arroyo Grande - Malbec SSO2;2019;;;;;;;92;;;;;;;;;;;;;;;;;;;;;;;;;;;;;;;;;;;90;;;;;;;
Argentine;Bodega Piedra Negra ;Rouge ;Arroyo Grande - Malbec SSO2;2020;;;;91;;90;93;;;;;;;;90;;;;;;;;;;;;;;;;;;;;;;;;;;;90;91;;;;;"91WA ; 90V ; 93JS ; 90TA ; 90D ; 91VINO";
Argentine;Bodega Piedra Negra ;Rouge ;Arroyo Grande - Malbec SSO2;2021;;;;;;;91;;;;;;;;89;;;;;;;;;;;;;;;;;;;;;;;;;;;;;;;;;"91JS ; 89TA";
Argentine;Bodega Piedra Negra ;Rouge ;Arroyo Grande - Malbec SSO2;2022;;;;90+;;91;;;;;;;;;;;;;;;;;;;;;;;;;;;;;;;;;;;;91;;;;;;"91D ; 91V ; 90+ WA";
Argentine;Bodega Piedra Negra ;Rouge ;Arroyo Grande - Malbec SSO2;2024;x;;;;;91;93;;;;;;;;91;;;;;;;;;;;;;;;;;;;;;;;;;;;;;;;;;91TA;
Argentine;Bodega Piedra Negra ;Blanc ;Arroyo Grande - Naranjo;2021;;;;91;;;;;;;;;;;;;;;;;;;;;;;;;;;;;;;;;;;;;;;;;;;;;
Argentine;Bodega Piedra Negra ;Blanc ;Arroyo Grande - Naranjo;2022;;;;;;;93;;;;;;;;;;;;;;;;;;;;;;;;;;;;;;;;;;;92;;;;;;;
Argentine;Bodega Piedra Negra ;Blanc ;Arroyo Grande - Naranjo;2023;;;91;;;91;91;;;;;;;;93;16;;;;;;;;;;;;;;;;;;;;;;;;;;;;;;;;"93TA ; 91JS ; 91V";20/05/2026
Argentine;Bodega Piedra Negra ;Blanc ;Arroyo Grande Sauvignon Blanc;2023;;;;;;;;;;;;;;;;;;;;;;;;;;;;;;;;;;;;;;;;;;91;;;;;;;
Argentine;Bodega Piedra Negra ;Blanc ;Arroyo Grande Sauvignon Blanc;2024;;;;;;;;;;;;;;;;;;;;;;;;;;;;;;;;;;;;;;;;;;;;;;;;;
Argentine;Bodega Piedra Negra ;Rouge ;Arroyo Grande - Criolla;2025;x;;;;;;;;;;;;;;;;;;;;;;;;;;;;;90 - Double Gold;;;;;;;;;;;;;;;;;;90 G&G;
Argentine;Bodega Piedra Negra ;Rouge ;Cabernet Franc Reserve;2019;;;;;;90;;;;;;;;;91;;;;;;;;;;;;;;;;;;;;;;;;;;;;;;;;;;
Argentine;Bodega Piedra Negra ;Rouge ;Cabernet Franc Reserve;2023;;;;;;;;;;;;;;;93;;;;;;;;;;;;;;;;;;;;;;;;;;;92;;;;;;;
Argentine;Bodega Piedra Negra ;Rouge ;Chacayes;2002;;;;;;88;;;;;;;;;;;;;;;;;;;;;;;;;;;;;;;;;;;;;;;;;;;
Argentine;Bodega Piedra Negra ;Rouge ;Chacayes;2006;;;92;;;;;;;;;;;;;;;;;;;;;;;;;;;;;;;;;;;;;;;;;;;;;;
Argentine;Bodega Piedra Negra ;Rouge ;Chacayes;2007;;;93;88;;91;90;;;;;;;;;16,5;;93;;;;;;;;;;;;;;;;;;;;;;;;;;;;;;;
Argentine;Bodega Piedra Negra ;Rouge ;Chacayes;2008;;;92;88;;91+;92;;;;;;;;94;;;;;;;;;;;;;;;;;;;;;;;;;;;;;;;;;;
Argentine;Bodega Piedra Negra ;Rouge ;Chacayes;2012;;;;93;;;93-94;;;;;;;;;;;;;;;;;;;;;;;;;;;;;;;;;;;;;;;;;;
Argentine;Bodega Piedra Negra ;Rouge ;Chacayes;2013;;90;93;94;;;94;;;;;;;;93;;;;;;;;;;;;;;;;;;;;;;;;;;;;;;;;;;
Argentine;Bodega Piedra Negra ;Rouge ;Chacayes;2014;;93;91;93;;;97;;;;;90;;;95;;;94;;;;;;;;;;;;;;;;;;;;;;;;;;;;;;;
Argentine;Bodega Piedra Negra ;Rouge ;Chacayes;2015;;96 - Top 8 World 2020;;92;;91;97;;;;;;;;93;;;94;;;;;;;;;;;;;;;;;;;;;;;;;;;;;;;
Argentine;Bodega Piedra Negra ;Rouge ;Chacayes;2017;;94;;93+;;93;98;;;;;;;;91;;;;;;;;;;;;;;;;;;;;;;;;;;;95;93;;;;;;
Argentine;Bodega Piedra Negra ;Rouge ;Chacayes;2018;;93;92;91;90;;95;;;;;;;;94;;;;;;;;;;;;;;;;;;;;;;;;;;;95;;;;;;"93WS ; 92WE ; 91WA ; 90W&S ; 95JS ; 94TA";
Argentine;Bodega Piedra Negra ;Rouge ;Chacayes;2019;x;94;;92;;93;94;;;;;;;;94;;;;;;;;;;;;;;;98 - Double Gold;;;;;;;;;;;;95;;;;;;"94WS ; 92WA ; 93V ; 93JS ; 94TA ; 95D ; 98G&G";
Argentine;Bodega Piedra Negra ;Rouge ;Chacayes;2021;x;;94;;;94;95;;;;;;;;94;16,5;;;;;;;;;;;;;;;;;;;;;;;;;;;;;;;;;
Argentine;Bodega Piedra Negra ;Rouge ;Chacayes;2023;;;;;;;;;;;;;;;;;;;;;;;;;;;;;;;;;;;;;;;;;;96 - Ranking Mejores Los Chacayes;;;;;;;
Argentine;Bodega Piedra Negra ;Blanc ;Chardonnay Reserve;2020;X;;;;;;90;;;;;;;;;;;;;;;;;;;;;;;;;;;;;;;;;;;;;;;;;;
Argentine;Bodega Piedra Negra ;Blanc ;Chardonnay Reserve;2021;;;;;;;91;;;;;;;;;;;;;;;;;;;;;;;;;;;;;;;;;;;;;;;;;;
Argentine;Bodega Piedra Negra ;Blanc ;Gran Lurton Blanco;2007;;;;;;93;;;;;;;;;;;;;;;;;;;;;;;;;;;;;;;;;;;;;;;;;;;
Argentine;Bodega Piedra Negra ;Blanc ;Gran Lurton Blanco;2015;;;;90;;;93;;;;;;;;93;;;;;;;;;;;;;;;;;;;;;;;;;;;;;;;;;;
Argentine;Bodega Piedra Negra ;Blanc ;Gran Lurton Blanco;2016;;;;;;88;96;;;;;;;;96;;;;;;;;;;;;;;;;;;;;;;;;;;;;;;;;;;
Argentine;Bodega Piedra Negra ;Blanc ;Gran Lurton Blanco;2017;;;;;;90;92;;;;;95;;;95;;;;;;;;;;;;;;;;;;;;;;;;;;;93;;;;;;;
Argentine;Bodega Piedra Negra ;Blanc ;Gran Lurton Blanco;2018;;;;;;93;;;;;;88;;;95;16;;91;;;;;;;;;;;;;;;;;;;;;;;;93;;;;;;;
Argentine;Bodega Piedra Negra ;Blanc ;Gran Lurton Blanco;2019;;;;;;92;95;;;;;;;;96;;;;;;;;;;;;;;;;;;;;;;;;;;;93;;;;;;;
Argentine;Bodega Piedra Negra ;Blanc ;Gran Lurton Blanco;2020;;;;;;93;96;;;;;;;;96;;;;;;;;;;;;;;;;;;;;;;;;;;;94;;;;;;;
Argentine;Bodega Piedra Negra ;Blanc ;Gran Lurton Blanco;2021;;;90;92;;94;94 - TOP 100;;;;;;;;95 - Best white blend;;;;;;;;;;;;;;;;;;;;;;;;;;;;;;;;;"90WE ; 92WA ; 94V ; 94JS (Top 100); 95TA (Best white Blend)";
Argentine;Bodega Piedra Negra ;Blanc ;Gran Lurton Blanco;2022;x;;;91;;93;94 - TOP 100 N°49, wines of Argentina;;;;;;;;;;;;;;;;;;;;;;;;;;;;;;;;;;;94;;;;;;"91WA ; 93V ; 94JS (TOP 100 n°49 - wines of Argentina) ; 94D";
Argentine;Bodega Piedra Negra ;Blanc ;Gran Lurton Blanco;2023;x;;"94 
(Hidden Gem)";;;;93;;;;;;;;96 - Best white blend;17+;;;;;;;;;;;;;;;;;;;;;;;;;;;;;;;;"96TA (Best White Blend) ; 17+JR ; 93JS";
Argentine;Bodega Piedra Negra ;Blanc ;Gran Lurton Blanco;2024;;;;;;95;96;;;;;;;;96;;;;;;;;;;;;;;;;;;;;;;;;;;;94 - Ranking Mejores blends Blancos;;;;;;"96TA ; 96 JS ; 94D + Mejores blends blancos ; 95Vinous";
Argentine;Bodega Piedra Negra ;Rosé ;Gran Lurton Rosado;2019;;;;;;;92;;;;;;;;91;;;;;;;;;;;;;;;;;;;;;;;;;;;92;;;;;;;
Argentine;Bodega Piedra Negra ;Rosé ;Gran Lurton Rosado;2022;;;;88;;;;;;;;;;;;;;;;;;;;;;;;;;;;;;;;;;;;;;92;;;;;;;
Argentine;Bodega Piedra Negra ;Rosé ;Gran Lurton Rosado;2023;;;;;;;;;;;;;;;;;;;;;;;;;;;;;;;;;;;;;;;;;;REVELACION 93;;;;;;;
Argentine;Bodega Piedra Negra ;Rouge ;Gran Lurton Tinto;2013;;;;88;;;95;89;;;;;;;93;;;;;;;;;;;;;;;;;;;;;;;;;;;;;;;;;;
Argentine;Bodega Piedra Negra ;Rouge ;Gran Lurton Tinto;2015;;88;;89;;88;92;;;;;;;;93;;;;;;;;;;;;;;;;;;;;;;;;;;;;;;;;;;
Argentine;Bodega Piedra Negra ;Rouge ;Gran Lurton Tinto;2016;;;;91;;92;94;;;;;;;;92;;;;;;;;;;;;;;;;;;;;;;;;;;;;;;;;;;
Argentine;Bodega Piedra Negra ;Rouge ;Gran Lurton Tinto;2017;x;;;90;;92;94;;;;;;;;93;;;;;;;;;;;;;;;;;;;;;;;;;;;;;;;;;"90WA ; 92V ; 94JS ; 92TA ; 94 Descorchados";
Argentine;Bodega Piedra Negra ;Rouge ;Gran Lurton Tinto;2018;x;;90;91;;;95;;;;;;;;92;;;;;;;;;;;;;;;;;;;;;;;;;;;94;;;;;;"90WE ; 91WA ; 92TA ; 94D ; 95JS";
Argentine;Bodega Piedra Negra ;Rouge ;Gran Lurton Tinto;2019;;;;;;;;;;;;;;;93;;;;;;;;;;;;;;;;;;;;;;;;;;;;;;;;;93TA;
Argentine;Bodega Piedra Negra ;Rouge ;Gran Lurton Tinto;2020;x;;;;;93;93;;;;;;;;;;;;;;;;;;;;;;;;;;;;;;;;;;;;;;;;;93JS;
Argentine;Bodega Piedra Negra ;Rouge ;Gran Lurton Tinto;2022;x;;;;;94;92;;;;;;;;93;;;;;;;;;;;;;;;;;;;;;;;;;;;;;;;;;"93TA ; 92JS";
Argentine;Bodega Piedra Negra ;Rouge ;Gran Lurton Tinto;2024;x;;;;;;;;;;;;;;;;;;;;;;;;;;;;;95 - Double Gold;;;;;;;;;;;;;;;;;;95 G&G;
Argentine;Bodega Piedra Negra ;Rouge ;Gran Malbec;2002;;;;;;92;;;;;;;;;;;;;;;;;;;;;;;;;;;;;;;;;;;;;;;;;;;
Argentine;Bodega Piedra Negra ;Rouge ;Gran Malbec;2009;;;91;;;;92;;;;;;;;;;;;;;;;;;;;;;;;;;;;;;;;;;;;;;;;;;
Argentine;Bodega Piedra Negra ;Rouge ;Gran Malbec;2011;;91;90;;;;89;;;;;;;;92;;;;;;;;;;;;;;;;;;;;;;;;;;;;;;;;;;
Argentine;Bodega Piedra Negra ;Rouge ;Gran Malbec;2012;;;;91;;;;;;;;;;;;;;;;;;;;;;;;;;;;;;;;;;;;;;;;;;;;;
Argentine;Bodega Piedra Negra ;Rouge ;Gran Malbec;2013;;88;;92;;;92;;;;;87;;;92;;;;;;;;;;;;;;;;;;;;;;;;;;;;;;;;;;
Argentine;Bodega Piedra Negra ;Rouge ;Gran Malbec;2014;;;;92+;;;94;;;;;;;;;17;;;;;;;;;;;;;;;;;;;;;;;;;;;;;;;;;
Argentine;Bodega Piedra Negra ;Rouge ;Gran Malbec;2015;;91;91;;;93;93;;;;;;;;93;;;;;;;;;;;;;;;;;;;;;;;;;;;;;;;;;;
Argentine;Bodega Piedra Negra ;Rouge ;Gran Malbec;2016;;;;;;92+;94;;;;;;;;95;;;;;;;;;;;;;;;;;;;;;;;;;;;92;;;;;;;
Argentine;Bodega Piedra Negra ;Rouge ;Gran Malbec;2017;;87;93;;;92;97;;;;;;;;93;;;;;;;;;;;;;;;;;;;;;;;;;;;;92;;;;;;
Argentine;Bodega Piedra Negra ;Rouge ;Gran Malbec;2018;;91;;;;;93;;;;;;;;93;;;;;;;;;;;;;;;;;;;;;;;;;;;95;;;;;;"95D ; 93JS ; 93TA ; 91WS";
Argentine;Bodega Piedra Negra ;Rouge ;Gran Malbec;2020;;;;;;;93;;;;;;;;;;;;;;;;;;;;;;;;;;;;;;;;;;;;;;;;;93JS;
Argentine;Bodega Piedra Negra ;Rouge ;Gran Malbec;2021;x;;;;;91;91;;;;;;;;94;;;;;;;;;;;;;;;;;;;;;;;;;;;95;;;;;;"91JS ; 94TA ; 95D ; 91V";
Argentine;Bodega Piedra Negra ;Rouge ;Gran Malbec;2023;x;;;;;92;;;;;;;;;;;;;;;;;;;;;;;;;;;;;;;;;;;;;;;;;;;
Argentine;Bodega Piedra Negra ;Rouge ;L'Esprit de Chacayes;2016;;90;;;;;93;;;;;;;;94;;;;;;;;;;;;;;;;;;;;;;;;;;;;;;;;;;
Argentine;Bodega Piedra Negra ;Rouge ;L'Esprit de Chacayes;2017;;88;88;;;91;92;;;;;;;;93;;;93;;;;;;;;;;;;;;;;;;;;;;;;93;;;;;;;
Argentine;Bodega Piedra Negra ;Rouge ;L'Esprit de Chacayes;2018;;;;;;;92;;;;;;;;93;;;;;;;;;;;;;;;;;;;;;;;;;;;;;;;;;;
Argentine;Bodega Piedra Negra ;Rouge ;L'Esprit de Chacayes;2019;;92;;92;;94;95;;;;;95;;;91;;;;;;;;;;;;;;;;;;;;;;;;;;;93;95;;;;;;
Argentine;Bodega Piedra Negra ;Rouge ;L'Esprit de Chacayes;2020;;88;;91;91;94;94;;;;;;;;91;;;;;;;;;;;;;;;;;;;;;;;;;;;96;93;;;;;"96D; 94V ; 94JS ; 93VINO ; 91TA ; 91WA ; 91W&S ; 88WS";
Argentine;Bodega Piedra Negra ;Rouge ;L'Esprit de Chacayes;2021;;;;;;92;92;;;;;;;;93;;;;;;;;;;;;;;;;;;;;;;;;;;;;;;;;;"93TA ; 92JS ; 92V";
Argentine;Bodega Piedra Negra ;Rouge ;L'Esprit de Chacayes;2022;x;;;92;;93;93;;;;;;;;;;;;;;;;;;;;;;;;;;;;;;;;;;;94;;;;;;"94D ; 93JS ; 92 WA";
Argentine;Bodega Piedra Negra ;Rouge ;L'Esprit de Chacayes;2023;x;;93;;;93;91;;;;;;;;92;17,5;;;;;;;;;;;;;;;;;;;;;;;;;;94;;;;;;"94D ; 93V ; 91JS ; 92TA ; 17,5JR ; 93WE";
Argentine;Bodega Piedra Negra ;Rouge ;L'Esprit de Chacayes;2024;x;;;;;;93;;;;;;;;93;;;;;;;;;;;;;;;;;;;;;;;;;;;97 - Ranking Mejores Los Chacayes;;;;;;93TA;
Argentine;Bodega Piedra Negra ;Rouge ;Malbec Reserve;2017;;85;90;89;;;92;;;;;;;;90;;;;;;;;;;;;;;;;;;;;;;;;;;;91;;;;;;;
Argentine;Bodega Piedra Negra ;Rouge ;Malbec Reserve;2018;X;91 (wine of the week 07/20);;91;;91;93;;;;;;;;;;;;;;;;;;;;;;;;;;;;;;;;;;;92;;;;;;;
Argentine;Bodega Piedra Negra ;Rouge ;Malbec Reserve;2019;X;89;;;;;94;;;;;;;;90;;;;;;;;;;;;;;;;;;;;;;;;;;;92;90;;;;;;
Argentine;Bodega Piedra Negra ;Rouge ;Malbec Reserve;2020;;;;;;;95;;;;;;;;92;;;;;;;;;;;;;;;;;;;;;;;;;;;;;;;;;;
Argentine;Bodega Piedra Negra ;Rouge ;Malbec Reserve;2021;;;86;91;;;92;;;;;;;;92;;;;;;;;;;;;;;;;;;;;;;;;;;;;;;;;;"91WA ; 92JS ; 92TA";
Argentine;Bodega Piedra Negra ;Rouge ;Malbec Reserve;2022;;;;;;90;92;;;;;;;;;;;;;;;;;;;;;;;;;;;;;;;;;;;91;;;;;;"92JS ; 91D";
Argentine;Bodega Piedra Negra ;Rouge ;Malbec Reserve;2023;x;;90 BEST BUY;;;90;92;;;;;;;;92;;;;;;;;;;;;;;;;;;;;;;GOLD (année 2025);;;;;;;;;;;"92JS ; 92TA ; 90V";
Argentine;Bodega Piedra Negra ;Rouge ;Malbec Reserve;2024;x;;;;;92;92;;;;;;;;91;;;;;;;;;;;;;;;94 - Double Gold;;;;;;;;;;;;93;;;;;;"91TA ; 94 G&G";
Argentine;Bodega Piedra Negra ;Blanc ;Pasitea;;;;;;;;;;;;;;;;;;;;;;;;;;;;;;;;;;;;;;;;;;;;;;;;;;
Argentine;Bodega Piedra Negra ;Blanc ;Piedra Negra - Pinot Gris Brut Nature - Methode Traditionnelle;NV;X;;;;;90;92;;;;;;;;91;;;;;;;;;;;;;;;;;;;;;;;;;;;92;;;;;;;
Argentine;Bodega Piedra Negra ;Blanc ;Metodo Traditional - Pinot Gris;2023;;;;;;;;;;;;;;;;;;;;;;;;;;;;;;;;;;;;;;;;;;92 - Ranking Mejores Espumantes;;;;;;;
Argentine;Bodega Piedra Negra ;Blanc ;Pinot Gris Reserve;2017;;;;;;;;90;;;;89;;;;;;;;;;;;;;;;;;;;;;;;;;;;;;90;;;;;;;
Argentine;Bodega Piedra Negra ;Blanc ;Pinot Gris Reserve;2018;X;;;;;86;93;;;;;;;;91;;;;;;;;;;;;;;;;;;;;;;;;;;;91;;;;;;;
Argentine;Bodega Piedra Negra ;Blanc ;Pinot Gris Reserve;2020;X;;;;;90;93;;;;;;;;91;;;;;;;;;;;;;;;;;;;;;;;;;;;92;;;;;;;
Argentine;Bodega Piedra Negra ;Blanc ;Pinot Gris Reserve;2021;X;;;;;;;;;;;;;;90;;;;;;;;;;;;;;;;;;;;;;;;;;;;;;;;;;
Argentine;Bodega Piedra Negra ;Blanc ;Pinot Gris Reserve;2022;X;;;89;;91;93;;;;;;;;;;;;;;;;;;;;;;;;;;;;;;;;;;;;;;;;;;
Argentine;Bodega Piedra Negra ;Blanc ;Pinot Gris Reserve;2023;;;;;;91;92;;;;;;;;90;;;;;;;;;;;;;;;;;;;;;;;;;;;92;;;;;;;
Argentine;Bodega Piedra Negra ;Blanc ;Arroyo Grande Pinot Gris Reserve;2024;x;;;;;92;93;;;;;;;;91;;;;;;;;;;;;;;;;;;;;;;;;;;;;;;;;;"93JS ; 92V ; 91TA";
Argentine;Bodega Piedra Negra ;Rouge ;Ruta22;2019;X;;;;;;90;;;;;;;;;;;;;;;;;;;;;;;;;;;;;;;;;;;;;;;;;;
Argentine;Bodega Piedra Negra ;Rouge ;Ruta22;2020;X;;;;;88-89;91;;;;;;;;;;;;;;;;;;;;;;;;;;;;;;;;;;;;;;;;;;
Argentine;Bodega Piedra Negra ;Rouge ;Santa Celina malbec;2024;X;;;;;;90;;;;;;;;;;;;;;;;;;;;;;;;;;;;;;;;;;;;;;;;;90JS;
Argentine;Bodega Piedra Negra ;Blanc ;Vuela - Pinot Gris;2025;x;;;;;;91;;;;;;;;;;;;;;;;;;;;;;;;;;;;;;;;;;;;;;;;;91JS;
Argentine;Bodega Piedra Negra ;Rosé ;Vuela - Pinot Gris Rosé;2023;;;;;;;;;;;;;;;;;;;;;;;;;;;;;;;;;;;;;;;;;;90;;;;;;;
Argentine;Bodega Piedra Negra ;Rosé ;Vuela - Rosé - Sparkling;NV;X;;;;;90;90;;;;;;;;86;;;;;;;;;;;;;;;;;;;;;;;;;;;;;;;;;;
France;Bordeaux ;Rouge ;Merlot;;;;;;;;;;;;;;;;;;;;;;;;;;;;;;;;;;;;;;;;;;;;;;;;;;
France;Bordeaux ;Blanc ;Sauvignon Blanc;2023;;;;;;;89;;;;;;;;;;;;;;;;;;;;;;;;;;;;;;;;;;;;;;;;;;
Espagne;Campo Eliseo ;Rouge ;Campesino;2018;X;;;;;;;;;;;;;;;;;;;;;90;;;;;;;;;;;;;;;;;;;;;;;;;;;
Espagne;Campo Eliseo ;Rouge ;Campesino;2019;;;;;;;91;;;;;;;;;;;;;;;;;;;;;;;;;;;;;;;;;;;;;;;;;91JS;
Espagne;Campo Eliseo ;Rouge ;Campesino;2020;;;90 BEST BUY;;;;;;;;;;;;;;;;;;;92;91;;;;;;;;;;;;;;;;;;;;;;;;;"92G ; 91GP ; 90WE - best buy";
Espagne;Campo Eliseo ;Rouge ;Campesino;2021;;;;;;;;;;;;;;;91;;;;;;;;;;;;;;;;;;;;;;;;;;;;;;;;;91TA;
Espagne;Campo Eliseo ;Rouge ;Campesino;2022;;;;;;;;;;;;85;;;;;;;;;;;;;;;;;;;;;;;;;;;;;;;;;;;;;
Espagne;Campo Eliseo ;Blanc ;Campo Eliseo Rueda;2013;;89;90;89;;;;;;;;;;;;;;;;;;92;;;;;;;;;;;;;;;;;;;;;;;;;;"89WS ; 90WE ; 89WA ; 92Gourmets";
Espagne;Campo Eliseo ;Blanc ;Campo Eliseo Rueda;2014;;88;;89-92;87;;;;;;;;;;;;;;3*;;;96;91;;;;;;;;;;;;;;;;;;;;;;;;;"89-92WA ; 96Gourmets ; 91GP";
Espagne;Campo Eliseo ;Blanc ;Campo Eliseo Rueda;2016;;90;;;;;92;;;;;;;;;;;;;;;;92;;;;;;;;;;;;;;;;;;;;;;;;;"90WS ; 92JS ; 92GP";
Espagne;Campo Eliseo ;Blanc ;Campo Eliseo Rueda;2017;X;90;91;;;;93;;;;;;;;;;;;;;;;;;;;;;;;;;;;;;;;;;;;;;;;;"90WS ; 91WE ; 93JS";
Espagne;Campo Eliseo ;Blanc ;Campo Eliseo Rueda;2018;;;;;;;92;;;93**;;91;;;;;;;;;;96;93;;;;;;;;;;;;;;;;;;;;;;;;;"93GP ; 96 Gourmet ; 92JS ; 93**MH";
Espagne;Campo Eliseo ;Blanc ;Campo Eliseo Rueda;2019;;91;91;91;;;93;;;;;;;;;;;;;;;;;;;;;;;;;;;;;;;;;;;;;;;;;"91WS ; 91WA ; 91WE ; 93 JS";
Espagne;Campo Eliseo ;Blanc ;Campo Eliseo Rueda;2020;x;90;94- EDITOR'S CHOICE;90;;;;;;;;;;;;;;;;;;95;92;;;;;;;;;;;;;;;;;;;;;;;;;"90WS ; 94WE - EDITOR'S CHOICE ; 90WA ; 95G ; 92GP";
Espagne;Campo Eliseo ;Blanc ;Campo Eliseo Rueda;2021;x;;93 EDITOR'S CHOICE;92;;;;;;;;;;;95 TOP 100;;;;;;;92;93;;;;;;;;;;;;;;;;;;;;;;;;;"93WE - EDITOR'S CHOICE ; 92WA ; 95TA - top100 ; 92G ; 93GP";
Espagne;Campo Eliseo ;Blanc ;Campo Eliseo Rueda;2022;;;;;;;;;;;;93 - Silver medal;;;;;;;;;;;93;;;;;;;;;;;;;;;;;;;;;;;;;" ; 92 GP; 93pt Decanter";
Espagne;Campo Eliseo ;Blanc ;Campo Eliseo Rueda;2023;;;;;;;93;;;;;;;;;;;;;;;;;;;;;;;;;;;;;;;;;;;;;;;;;;
Espagne;Campo Eliseo ;Rouge ;Campo Eliseo Toro;2001;;93;88;92;92;;;;;;;;;;;;;;;;;;;;;;;;;;;;;;;;;;;;;;;;;;;"93WS ; 92WA ; 92W&S";
Espagne;Campo Eliseo ;Rouge ;Campo Eliseo Toro;2002;;94;91;;90;;;;;;;;;;;;;;;;;;;;;;;;;;;;;;;;;;;;;;;;;;;"94WS ; 91WE ; 90W&S";
Espagne;Campo Eliseo ;Rouge ;Campo Eliseo Toro;2003;;92;93;90;90;89;;;;;;;;;;;;;;;;;;;;;;;;;;;;;;;;;;;;;;;;;;"92WS ; 93WE ; 90WA ; 90W&S ; 89V";
Espagne;Campo Eliseo ;Rouge ;Campo Eliseo Toro;2004;;91;92;94;91;91;;;;;;;;;;;;;;;;;;;;;;;;;;;;;;;;;;;;;;;;;;"91WS ; 92WE ; 94WA ; 91W&S ; 91V";
Espagne;Campo Eliseo ;Rouge ;Campo Eliseo Toro;2005;;92;93;91;;;;;;;;;;;;;;;;;;;;;;;;;;;;;;;;;;;;;;;;;;;;"93WE ; 91WA";
Espagne;Campo Eliseo ;Rouge ;Campo Eliseo Toro;2006;;92;95;93;;;;;;;;;;;;;;;;;;;;;;;;;;;;;;;;;;;;;;;;;;;;"95WE ; 93WA";
Espagne;Campo Eliseo ;Rouge ;Campo Eliseo Toro;2008;x;94;;91;;93;;;;;;;;;;;;;;;;;93;;;;;;;;;;;;;;;;;;;;;;;;;"94WS ; 91WA ; 93V ; 93 Guia Penin";
Espagne;Campo Eliseo ;Rouge ;Campo Eliseo Toro;2009;;93;95;93;90;92;;;;;;;;;;;;;;;;98;94;;;;;;;;;;;;;;;;;;;;;;;;;"93WS ; 95WE ; 93WA ; 90W&S ; 92V ; 98 Gourmets ; 94GP";
Espagne;Campo Eliseo ;Rouge ;Campo Eliseo Toro;2011;;92;;92;;;92;;;;;;;;;;;;4*;;;95;94;;;;;;;;;;;;;;;;;;;;;;;;;"92WS ; 92WA ; 92JS ; 4* Harpers ; 95Gourmets ; 94GP";
Espagne;Campo Eliseo ;Rouge ;Campo Eliseo Toro;2012;;92;;89;;;93;;;;;;;;;;;;;;;;91;;;;;;;;;;;;;;;;;;;;;;;;;"92WS ; 89WA ; 93JS ; 91GP";
Espagne;Campo Eliseo ;Rouge ;Campo Eliseo Toro;2014;;90;;90;;;94;;;;;;;;;;;;;;;;;;;;;;;;;;;;;;;;;;;;;;;;;"90WS ; 90WA ; 94JS";
Espagne;Campo Eliseo ;Rouge ;Campo Eliseo Toro;2015;X;;93;;;;94;;;94**;;;;;;;;;;;;94;;;;;;;;;;;;;;;;;;;;;;;;;;"93WE ; 94JS ; 94 Gourmet ; 94** Miquel Hudin";
Espagne;Campo Eliseo ;Rouge ;Campo Eliseo Toro;2016;;91;;;;;94;;;;;;;;;;;;;;;;;;;;;;;;;;;;;;;;;;;;;;;;;;
Espagne;Campo Eliseo ;Rouge ;Campo Eliseo Toro;2017;X;93;95;90;;;93;;;;;;;;;;;;;;;;93;;;;;;;;;;;;;;;;;;;;;;;;;"93WS ; 95WE ; 90WA  ; 93JS ; 93 Guia Penin";
Espagne;Campo Eliseo ;Rouge ;Campo Eliseo Toro;2018;X;;94;90;;92;93;;;;;89 - BRONZE medal;;;89;;;;;;;95;;;;;;;;;;;;;;;;;;;;;;;;;;"94WE ; 90WA ; 92V ; 93JS ; 95 Gourmet";
Espagne;Campo Eliseo ;Rouge ;Campo Eliseo Toro;2019;x;;;91;;;;;;;;;;;;;;;;;;95;93;;;;;;;;;;;;;;;;;;;;;;;;;"91WA ; 95Gourmet ; 93Guia Penin";
Espagne;Campo Eliseo ;Rosé ;Cuvée Alegre Rosado;2018;;;;;;;91;;;;;;;;;;;;;;;;;;;;;;;;;;;;;;;;;;;;;;;;;;
Espagne;Campo Eliseo ;Rosé ;Cuvée Alegre Rosado;2019;;;;;;;91;;;;;;;;;;;;;;;;90;;;;;;;;;;;;;;;;;;;;;;;;;;
Espagne;Campo Eliseo ;Rosé ;Cuvée Alegre Rosado;2020;;;87;;;;92;;;;;;;;;;;;;;;;;;;;;;;;;;;;;;;;;;;;;;;;;;
Espagne;Campo Eliseo ;Blanc ;Cuvée Alegre Rueda;2014;;87;;89;87;;;;;;;;;;;;;;;;;94;91****;;;;;;;;;;;;;;;;;;;;;;;;;;
Espagne;Campo Eliseo ;Blanc ;Cuvée Alegre Rueda;2015;;90;;;;;;;;;;;;;;;;;;;;;92*****;;;;;;;;;;;;;;;;;;;;;;;;;;
Espagne;Campo Eliseo ;Blanc ;Cuvée Alegre Rueda;2016;;;82;;;;92;;;;;;;;;;;;4*;;;;93*****;;;;;;;;;;;;;;;;;;;;;;;;;;
Espagne;Campo Eliseo ;Blanc ;Cuvée Alegre Rueda;2017;;84;;;;;92;;;;;;;;;;;;;;;;;;;;;;;;;;;;;;;;;;;;;;;;;;
Espagne;Campo Eliseo ;Blanc ;Cuvée Alegre Rueda;2018;X;90 - Top 100 Spain;;;;;94;;;;;;;;;;;;;;;;;;;;;;;;;;;;;;;;;;;;;;;;;"90&Top100SpainWS ; 94JS";
Espagne;Campo Eliseo ;Blanc ;Cuvée Alegre Rueda;2019;;91;;;;;91;91;;;;92;;;;;;;;;;;91****;;;;;;;;;;;;;;;;;;;;;;;;;"91WS ; 91JS ; 91WA ; 92Dec ; 91****GP";
Espagne;Campo Eliseo ;Blanc ;Cuvée Alegre Rueda;2020;;;89;;;;91;;;92**;;;;;;;;;;;;;;;;;;;;;;;;;;;;;;;;;;;;;;"91JS ; 92**MH";
Espagne;Campo Eliseo ;Blanc ;Cuvée Alegre Rueda;2021;x;;;89;;;;;;;;;;;;;;;;;;94;91;;;;;;;;;;;;;;;;;;;;;;;;;"89Wa ; 94G ; 91GP";
Espagne;Campo Eliseo ;Blanc ;Cuvée Alegre Rueda;2022;x;;93 Editor's choice;;;91;;;;;;;;;92;;;;;;;94;91;;;;;;;;;;;;;;;;;;;;;;;;;"93WE - editor's choice ; 91V ; 92TA ; 94G ; 91GP";
Espagne;Campo Eliseo ;Blanc ;Cuvée Alegre Rueda;2023;x;88;;;;;;;;;;;;;;;;;;;;;;;;;;;;;;;;;;;;;;;;;;;;;;;
Espagne;Campo Eliseo ;Blanc ;Cuvée Alegre Rueda;2024;;;;;;;92;;;;;;;;;;;;;;;;90;;;;;;;;;;;;;;;;;;;;;;;;;92JS;
Espagne;Campo Eliseo ;Rouge ;Cuvée Alegre Toro;2009;;;;;;90;;;;;;;;;;;;;;;;;;;;;;;;;;;;;;;;;;;;;;;;;;;
Espagne;Campo Eliseo ;Rouge ;Cuvée Alegre Toro;2010;;;;;;90;;;;;;;;;;;;;;;;;;;;;;;;;;;;;;;;;;;;;;;;;;;
Espagne;Campo Eliseo ;Rouge ;Cuvée Alegre Toro;2012;;87;;88-90;;;;;;;;;;;;;;;;;;;90;;;;;;;;;;;;;;;;;;;;;;;;;90GP;
Espagne;Campo Eliseo ;Rouge ;Cuvée Alegre Toro;2013;;82;;90;;;;;;;;;;;;;;;;;;;90;;;;;;;;;;;;;;;;;;;;;;;;;"90WA ; 90GP";
Espagne;Campo Eliseo ;Rouge ;Cuvée Alegre Toro;2014;;93;;89;;;91;;;;;;;;;;;;;;;;93***;;;;;;;;;;;;;;;;;;;;;;;;;;
Espagne;Campo Eliseo ;Rouge ;Cuvée Alegre Toro;2015;;;;89;;;;;;;;;;;;;;;;;;;;;;;;;;;;;;;;;;;;;;;;;;;;;
Espagne;Campo Eliseo ;Rouge ;Cuvée Alegre Toro;2016;X;91;;;;;92;;;;;;;;;;;;;;;92;;;;;;;;;;;;;;;;;;;;;;;;;;;
Espagne;Campo Eliseo ;Rouge ;Cuvée Alegre Toro;2017;X;87;86;;;;;;;93**;;;;;;;;;;;;;90;;;;;;;;;;;;;;;;;;;;;;;;;"93**MH ; 90GP";
Espagne;Campo Eliseo ;Rouge ;Cuvée Alegre Toro;2018;X;88;;;;;94;;;;;;;;;;;;;;;94;91;;;;;;;;;;;;;;;;;;;;;;;;;"94JS ; 91GP ; 94G";
Espagne;Campo Eliseo ;Rouge ;Cuvée Alegre Toro;2019;;;92;88;;89;;;;;;;;;89;;;;;;;94;92;;;;;;;;;;;;;;;;;;;;;;;;;"92WE ; 92GP ; 94G";
Espagne;Campo Eliseo ;Rouge ;Cuvée Alegre Toro;2020;;;;89;;;;;;;;;;;;;;;;;;;;;;;;;;;;;;;;;;;;;;;;;;;;89WA;
Espagne;Campo Eliseo ;Rouge ;Cuvée Alegre Toro;2022;;90;91;;;;;;;;;88 - BRONZE Medal;;;;;;;;;;94;92;;;;;;;;;;;;;;;;;;;;;;;;;"90WS ; 91WE";
Espagne;Campo Eliseo ;Rouge ;Contracorriente;2023;;;;;;;91;;;;;;;;90;;;;;;;;;;;;;;;;;;;;;;;;;;;;;;;;;"90TA ; 91JS";
Espagne;Campo Eliseo ;Blanc ;Harmonia;2020;x;;96 - Editor's choice;92;;94;;;;;;;;;;17,5;;;;;96;;;;;;;;;;;;;;;;;;;91;;;;;;;;"96WE - editor's choice ; 92WA ; 94V ; 17,5JR ; 96DB ; 91YB";
Espagne;Campo Eliseo ;Blanc ;Harmonia;2021;x;;97 Cellar Selection;93;;93;94;;;;;;;;;;;;;;;97;94;;;;;;;;;;;;;;;;;;;;;;;;;"97 Cellar Selection WE ; 93WA ; 93V ; 97 Gourmet ; 94 Guia Penin ; 94JS";
Espagne;Campo Eliseo ;Blanc ;Harmonia;2022;;;;;;94;93;;;;;;;;95 TOP 100;;;;;;;;;;;;;;;;;;;;;;;;;;;;;;;;;"94V ; 95TA - top100";
France;Château des Erles ;Rouge ;Château des Erles;2013;;89;;88;;;;;;;;;;;;;;;;;;;;;;;;;;;;;;;;;;;;;;;;;;;;;
France;Château des Erles ;Rouge ;Château des Erles;2017;;;;;;;;;;;;;;;;;;92;;;;;;;;;;;;;;;;;;;;;;;;;;;;;;;
France;Château des Erles ;Rouge ;Cuvée des Ardoises;2013;;88;;88;;;;;;;;;Bronze;;;;;;;;;;;;;;;;;;;;;;;;;;;;;;;;;;;;
France;Domaine de Nizas ;Blanc ;Domaine de Nizas GV Blanc;2019;X;;;;91 BEST BUY;;;;;;;;;;;;;;;;;;;;;;;;;;;;;;;;;;;;;;;;;;;;
France;Domaine de Nizas ;Blanc ;Domaine de Nizas GV Blanc;2020;X;;;;;;90;;;90+**;;;;;;;;;;;;;;;;;;;;;;;;;;;;;;;;;;;;;;"90JS ; 90+**MH";
France;Domaine de Nizas ;Blanc ;Domaine de Nizas GV Blanc;2021;;;;;;;;;;;;;;;;;;;;;;;;;;;;;;;;;;;;90;;;;;;;;;;;;90B&D;
France;Domaine de Nizas ;Rouge ;Domaine de Nizas GV Pézenas;2018;X;88;;;88;;;;;;92;;;;;;;93;;;;;;;;;;;;;;;96;;;;;;;;;;;;;;;;
France;Domaine de Nizas ;Rouge ;Domaine de Nizas GV Pézenas;2019;X;;;;;;92;;;92**;;;;;;;;;;;;;;;;;;;;;;;;;;;;;;;;;;;;;;"92JS ; 92**MH";
France;Domaine de Nizas ;Rouge ;Domaine de Nizas GV Pézenas;2020;X;;;;;;90;;;;;;;;;;;;;;;;;;;;;;;;;;;;;93;;;;;;;;;;;;"90JS ; 93B&D";
France;Domaine de Nizas ;Rosé ;Domaine de Nizas GV rosé;2020;X;;;;;;89;;;;;;;;;;;;;;;;;;16;;;;;;;;;;;;;;;;;;;;;;;;
France;Domaine de Nizas ;Rosé ;Le Clos Terroir Basalte Rosé;2018;X;;90;;;;;;;;;;;;;;;;;;;;;;;;;;;;;;;;;;;;;;;;;;;;;;
France;Domaine de Nizas ;Rosé ;Le Clos Terroir Basalte Rosé;2019;X;88;89;;;;;;;;;;;;;;;;;;;;;;;;;;;;;;;;;;;;;;;;;;;;;;
France;Domaine de Nizas ;Rosé ;Le Clos Terroir Basalte Rosé;2020;X;89;;;;90;90;;;89*;89;;;;;;;;;;;;;;;Argent;;;;;;;;;;;;;;;;;;;;;;;
France;Domaine de Nizas ;Rosé ;Le Clos Terroir Basalte Rosé;2021;;;89;;;;;;;;;;;;;;;;;;;;;;;;;;;;;;;;;;;;;;;;;;;;;;
France;Domaine de Nizas ;Rosé ;Le Clos Terroir Basalte Rosé;2022;;88;;;;;;;;;;;;;;;;;;;;;;;;;;;;;;;;;;;;;;;;;;;;;;;
France;Domaine de Nizas ;Rosé ;Le Clos Terroir Basalte Rosé;2023;;;;;;;;;;;;;;;;;;;;;;;;;;ARGENT;;;;;;;;;;;;;;;;;;;;;;TDV - argent;
France;Domaine de Nizas ;Rouge ;Le Clos Terroir Basalte Rouge;2018;X;90;;;92;;;;;;;;;;;;;;;;;;;;;;;;;;;;;;;;;;;;;;;;;;;;
France;Domaine de Nizas ;Rouge ;Le Clos Terroir Basalte Rouge;2019;X;;;;;;91;;;91**;90;;;;;;;;;;;;;;;;;;;;;;;;;Bronze;;;;;;;;;;;;"91JS ; 91**MH ; 90AL ; B&D - bronze";
France;Domaine de Nizas ;Rouge ;Le Clos Terroir Basalte Rouge;2020;X;;;;;;;;;;;;;;;;;;;;;;;;;;;;;;;;;;;90;;;;;;;;;;;;90B&D;
France;Domaine de Nizas ;Rouge ;Le Clos Terroir Basalte Rouge;2022;;;;;;;90;;;;;;;;;;;;;;;;;;;;;;;;;;;;;;;;;;;;;;;;;90JS;
France;Domaine de Nizas ;Blanc ;Le Mazet de Nizas SB-VIO;2018;;88;;;;;;;;;;;;;;;;;;;;;;;;;;;;;;;;;;;;;;;;;;;;;;;
France;Domaine de Nizas ;Blanc ;Le Mazet de Nizas SB-VIO;2020;X;;;;85;;;;;;;;;;;;;;;;;;;;;;;;;;;;;;;;;;;;;;;;;;;;
France;Domaine de Nizas ;Blanc ;Le Mazet de Nizas SB-VIO;2020;;;89;;;;;;;;;;;;;;;;;;;;;;;;;;;;;;;;;;;;;;;;;;;;;;
France;Domaine de Nizas ;Rouge ;Le Mazet de Nizas SYR-CS;2018;;86;;;;;;;;;;;;;;;;;;;;;;;;;;;;;;;;;;;;;;;;;;;;;;;
France;Domaine des Salices ;Blanc ;Chardonnay;2017;;;;;;;90;;;;;;;;;;;;;;;;;;;;;;;;;;;;;;;;;;;;;;;;;;
France;Domaine des Salices ;Rouge ;Pinot Noir;;;;;;;;;;;;;;;;;;;;;;;;;;;;;;;;;;;;;;;;;;;;;;;;;;
France;Domaine des Salices ;Blanc ;Sauvignon Blanc;;;;;;;;;;;;;;;;;;;;;;;;;;;;;;;;;;;;;;;;;;;;;;;;;;
France;Domaine des Salices ;Blanc ;Viognier;2020;X;;;;84;;;;;;;;;;;;;;;;;;;;;;;;;;;;;;;;;;;;;;;;;;;;
France;Domaine des Salices ;Blanc ;Viognier;2023;;;;;;;90;;;;;;;;;;;;;;;;;;;;;;;;;;;;;;;;;;;;;;;;;;
France;Domaine des Salices ;Blanc ;Viognier;2021;;;;;;;;;;;;;;;;;;;;;;;;;;;;;;;;;;;Argent;;;;;;;;;;;;;;
France;Domaine Les Fumées Blanches ;Blanc ;Domaine Les Fumées Blanches;2017;;;88;;;;;;;;;;;;;;;;;;;;;;;;;;;;;;;;;;;;;;;;;;;;;;
France;Domaine Les Fumées Blanches ;Blanc ;Domaine Les Fumées Blanches;2018;;;88;84;;;;;;;;;;;;;;;;;;;;;;;;;;;;;;;;;;;;;;;;;;;;;
France;Domaine Les Fumées Blanches ;Blanc ;Domaine Les Fumées Blanches;2020;;;90;;;;90;;;;;;;;;;;;;;;;;;;;;;;;;;;;;Argent;;;;;;;;;;;;;
France;Domaine Les Fumées Blanches ;Blanc ;Domaine Les Fumées Blanches;2021;;;90;;;;;;;;;;;;;;;;;;;;;;;;;;;;;;;;Argent;;;;;;;;;;;;;90WE , argentIGP;
France;Domaine Les Fumées Blanches ;Blanc ;Domaine Les Fumées Blanches;2022;x;;90 Editors' Choice;;;;;;;;;;;;;;;;;;;;;;;;;;;;;;;;;94;;;;;;;;;;;;"90WE - editor's choice ; 94B&D";
France;Domaine Les Fumées Blanches ;Blanc ;Domaine Les Fumées Blanches;2023;;;89;;;;89;;;;;;;;;;;;;;;;;;;OR;;;;;;;;;;;;;;;;;;;;;;or - TDV;
France;Domaine Les Fumées Blanches ;Blanc ;Domaine Les Fumées Blanches;2024;x;;;;;;;;;;;;;;;;;;;;;;;;;;;;;;;;;;;;;92;;;;;;;;;;92 G&G;
France;Domaine Les Fumées Blanches ;Rosé ;Gris de Sauvignon - Rosé;2018;;86;86;;;;;;;;;;;;;;;;;;;;;;;;;;;;;;;;;;;;;;;;;;;;;;
France;Domaine Les Fumées Blanches ;Rosé ;Gris de Sauvignon - Rosé;2019;;;88;;;;;;;;;;;;;;;;;;;;;;;;;;;;;;;;;;;;;;;;;;;;;;
France;Domaine Les Fumées Blanches ;Rosé ;Gris de Sauvignon - Rosé;2020;;87;91 Best Buy;;;;;;;;;;;;;;;;;;;;;;;;;;;;;;;;;;;;;;;;;;;;;91WE - best buy;
France;Domaine Les Fumées Blanches ;Rosé ;Gris de Sauvignon - Rosé;2021;;;84;;;;;;;;;;;;;;;;;;;;;;;;;;;;;;;;;;;;;;;;;;;;;;
France;Domaine Les Fumées Blanches ;Rosé ;Gris de Sauvignon - Rosé;2022;x;;92 Best Buy;;;;;;;;;;;;;;;;;;;;;;;;;;;;;;;;;91;;;;;;;;;;;;"92WE - best buy ; 91B&D";
France;Domaine Les Fumées Blanches ;Rosé ;Gris de Sauvignon - Rosé;2023;;;84;;;;89;;;;;;;;;;;;;;;;;;;;;;;;;;;;;;;;;;;;;;;;;;
France;Domaine Les Fumées Blanches ;Rosé ;Gris de Sauvignon - Rosé;2024;x;;87 best buy;;;;;;;;;;;;;;;;;;;;;;;;;;;;;;;;;;;90 (VDF);;;;;;;;;;"90 G&G ; 87WE Best Buy";
France;Domaine Les Fumées Blanches ;Rosé ;Les Calcaires Bio Gris de Sauvignon;2020;;;87;;;;;;;;;;;;;;;;;;;;;;;;;;;;;;;;;;;;;;;;;;;;;;
France;Domaine Les Fumées Blanches ;Rosé ;Les Calcaires Bio Gris de Sauvignon;2022;x;;;;;;;;;;;;;;;;;;;;;;;;;;;;;;;;;;;;;;;;;;;;;;;;
France;Domaine Les Fumées Blanches ;Rosé ;Les Calcaires Bio Gris de Sauvignon;2024;x;;87 best buy;;;;;;;;;;;;;;;;;;;;;;;;;;;;;;;;;;;90 (VDF);;;;;;;;;;87WE - best buy;
France;Domaine Les Fumées Blanches ;Rosé ;Les Calcaires Bio Gris de Sauvignon;2025;;;;;;;;;;;;;;;;;;;;;;;;;;;ARGENT;;;;;;;;;;;;;;;;;;;;;;
France;Domaine Les Fumées Blanches ;Blanc ;Les Calcaires Bio Sauvignon Blanc;2019;;;82;;;;;;;;;;;;;;;;;;;;;;;;;;;;;;;;;;;;;;;;;;;;;;
France;Domaine Les Fumées Blanches ;Blanc ;Les Calcaires Bio Sauvignon Blanc;2020;;;87;;;;;;;;;;;;;;;;;;;;;;;;;;;;Argent;;;;;;;;;;;;;;;;;;
France;Domaine Les Fumées Blanches ;Blanc ;Les Calcaires Bio Sauvignon Blanc IGP;2020;;;85;;;;;;;;;;;;;;;;;;;;;;;;;;;;;;;;;;;;;;;;;;;;;;
France;Domaine Les Fumées Blanches ;Blanc ;Les Calcaires Bio Sauvignon Blanc VDF;2022;x;;89 Best Buy;;;;;;;;;;;;;;;;;;;;;;;;;;;;;;;;;92;;;;;;;;;;;;"89WE - best buy ; 92B&D";
France;Domaine Les Fumées Blanches ;Blanc ;Les Calcaires Bio Sauvignon Blanc VDF;2023;;;;;;;90;;;;;;;;;;;;;;;;;;;;ARGENT;;ARGENT;;;;;;;;;;;;;;;;;;;"90JS ; argentANIVIN ; argentMSB";
France;Domaine Les Fumées Blanches ;Blanc ;Les Calcaires Bio Sauvignon Blanc VDF;2024;x;;88 Best Buy;;;;;;;;;;;;;;;;;;;;;;;;OR;;;;;;;;;;;89;;;;;;;;;;;
France;Domaine Les Fumées Blanches ;Rosé ;Lightly Sparkling Gris de Sauvignon - Rosé;;;;;;;;;;;;;;;;;;;;;;;;;;;;;;;;;;;;;;;;;;;;;;;;;;
France;Domaine Les Fumées Blanches ;Blanc ;Lightly Sparkling Sauvignon Blanc;;;;;;;;;;;;;;;;;;;;;;;;;;;;;;;;;;;;;;;;;;;;;;;;;;
France;Domaine Les Fumées Blanches ;Autre;Les Fumées Blanches Orange;2022;x;;90 Best Buy;;;;;;;;;;;;;;;;;;;;;;;;Argent;;;;;;;;;;;;;;;;;;;;;"90WE - Best buy ; argentANIVIN";
France;Domaine Les Fumées Blanches ;Autre;Les Fumées Blanches Orange;2023;;;87;;;;;;;;;;;;;;;;;;;;;;;;OR;;;;;;;;;;;;;;;;;;;;;orANIVIN;
France;Domaine Les Fumées Blanches ;Autre;Les Fumées Blanches Orange;2024;x;;90 Best Buy;;;;;;;;;;;;;;;;;;;;;;;;;;;;;;;;;;;88;;;;;;;;;;90WE - Best- Buy;
France;Domaine Les Fumées Blanches ;Blanc ;ZERO BY LES FUMEES BLANCHES;;x;;;;;;;;;;;;;;;;;;;;;;;;;;OR;;;;;;;;;;;87;;;;;;;;;;;
France;Domaine Les Fumées Blanches ;Rosé ;ZERO BY LES FUMEES BLANCHES;;x;;;;;;;;;;;;;;;;;;;;;;;;;;ARGENT;;;;;;;;;;;90;;;;;;;;;;;
France;Domaine Les Fumées Blanches ;Blanc ;Sauvignon Blanc;2018;;87;86;;;;;;;;;;;;;;;;;;;;;;;;;;;;;;;;;;;;;;;;;;;;;;
France;Domaine Les Fumées Blanches ;Blanc ;Sauvignon Blanc;2019;;;88;;;;;;;;;;;;;;;;;;;;;;;;;;;;;;;;;;;;;;;;;;;;;;
France;Domaine Les Fumées Blanches ;Blanc ;Sauvignon Blanc;2020;;88;90;;87;;;;;;;;;;;;;;;;;;;;;;Argent;;Argent;;;;;;;;;;;;;;;;;;;;
France;Domaine Les Fumées Blanches ;Blanc ;Sauvignon Blanc;2021;;;87;;;;;;;;;;;;;;;;;;;;;;;;;;;;;;;;;;;;;;;;;;;;;;
France;Domaine Les Fumées Blanches ;Blanc ;Sauvignon Blanc;2022;x;;90 Best Buy;;;;;;;;;;;;;;;;;;;;;;;;;;Argent;;;;;;;91 (CDG);;;;;;;;;;;;"90WE - Best- Buy ; aregntMSB ; 91B&D";
France;Domaine Les Fumées Blanches ;Blanc ;Sauvignon Blanc;2023;;;86;;;;88;;;;;;;;;;;;;;;;;;;OR (CDG);ARGENT (VDF);;;;;;;;;OR;;;;;;;;;;;;"orTDV ; argentANIVIN ; orB&D";
France;Domaine Les Fumées Blanches ;Blanc ;Sauvignon Blanc;2024;x;;87;;;;;;;;;;;;;;;;;;;;;;;;OR (VDF);;;;;;;;;;;89 (CDG) 88 (VDF);;;;;;;;;;;
France;Domaine Les Fumées Blanches ;;Sauvignon Blanc;2025;;;;;;;;;;;;;;;;;;;;;;;;;;;ARGENT;;;;;;;;;;;;;;;;;;;;;;
France;Domaine Les Fumées Blanches ;Blanc ;Sauvignon d'Automne;;;;;;;;;;;;;;;;;;;;;;;;;;;;;;;;;;;;;;;;;;;;;;;;;;
France;Domaine Les Fumées Blanches ;Blanc ;Terres Fumées Sauvignon Blanc;2019;;;;;;;;;;;;;;;;;;;;;;;;;;;;;;;;;;;;Bronze;;;;;;;;;;;;;
France;Domaine Les Fumées Blanches ;Blanc ;Terres Fumées Sauvignon Blanc;2020;;;;;;;;;;;;;;;;;;;;;;;;;;;;;OR;;;;;;;;;;;;;;;;;;;;
France;Domaine Les Fumées Blanches ;Blanc ;Terres Fumées Sauvignon Blanc;2023;;;;;;;;;;;;;;;;;;;;;;;;;;;ARGENT;;;;;;;;;;;;;;;;;;;;;;
Chili;Hacienda Araucano;Blanc ;L'Atelier - Pet Nat;2024;;;90;;;;;;;;;;;;;;;;;;;;;;;;;;;;;;;;;;;;;;;;;;;;;;
Chili;Hacienda Araucano;Blanc ;Araucano Reserva - Chardonnay;2018;X;;;;;;89;;;;;;;;;;;;;;;;;;;;;;;;;;;;;;;;;;;;;89;;;;;
Chili;Hacienda Araucano;Blanc ;Araucano Reserva - Chardonnay;2020;X;;83;;;;;;;;;;;;;;;;;;;;;;;;;;;;;;;;;;;;;;;90;;;;;;;
Chili;Hacienda Araucano;Blanc ;CLO Blanco;2015;;;82;91+;;;92;;;;;;;;92;;;;;;;;;;;;;;;;;;;;;;;;;;;;;;;;;;
Chili;Hacienda Araucano;Blanc ;CLO Blanco;2016;;;84;;;;93;;;;;;;;93;;;;;;;;90;;;;;;;;;;;;;;;;;;;92;;91;;;;;
Chili;Hacienda Araucano;Blanc ;CLO Blanco;2017;;;;;;;92;;;;;90;;;91;;;;;;;;;;;;;;;;;;;;;;;;;;;;;91;;;;;
Chili;Hacienda Araucano;Blanc ;CLO Blanco;2018;;;;;91;;;;;;;;;;;;;;;;;;;;;;;;;;;;;;;;;;;;;93;;;;;;"97JS ; 93TA ; 93Descorchados ; 94 la CAV ; 91WA ; ";
Chili;Hacienda Araucano;Blanc ;CLO Blanco;2019;;;;;;88;93;;;;;;;;95;;;;;;;;;;;;;;;;;;;;;;;;;;;94;;;;;;"92WA ; 91V ; 96JS- TOP100 ; 93TA ; 95CAV ; Drink buisiness - MASTER MEDAL ";
Chili;Hacienda Araucano;Blanc ;CLO Blanco;2020;;;;92;;89;93;;;;;;;;92;;;;;;;;;;;;;;;;;;;;;;;;;;;;;;;;;"95Descorchados ; 92WA ; 95JS ; 93WS + #87 of Top 100";
Chili;Hacienda Araucano;Blanc ;CLO Blanco;2021;;;;91;;89;93;;;;;;;;91;;;;;;;;;;;;;;;;;;;;;;;;;;;;;;;;;"96Descorchados""mejor Colchagua Costa"" ; 90WS ; 91V";
Chili;Hacienda Araucano;Blanc ;CLO Blanco;2022;x;;;90;;91;;;;;;91;;;95;;;;;;;;;;;;;;;;;;;;;;;;;;;93;;;;;;;
Chili;Hacienda Araucano;Blanc ;CLO Blanco;2023;x;;;;;90;92;;;;;;;;93;;;;;;;;;;;;;;;;;;;;;;;;;;;;;;;;;;
Chili;Hacienda Araucano;Blanc ;CLO Blanco;2024;;;;;;88;;;;;;;;;;;;;;;;;;;;;;;;;;;;;;;;;;;;94;;;;;;;
Chili;Hacienda Araucano;Blanc ;Humo Blanco Sauvignon Blanc;2024;;90;89;;;89;91;;;;;;;;;;;;;;;;;;;;;;;;;;;;;;;;;;;;;;;;;;
Chili;Hacienda Araucano;Blanc ;Edicion Limitada - Chardonnay;2021;;;;;;;92;;;;;;;;;;;;;;;;;;;;;;;;;;;;;;;;;;;;;;;;;;
Chili;Hacienda Araucano;Blanc ;Edicion Limitada - Chardonnay;2022;;;;;;;;;;;;;;;;;;;;;;;;;;;;;;;;;;;;;;;;;;88;;;;;;;
Chili;Hacienda Araucano;Blanc ;Edicion Limitada - Chardonnay;2024;;;;;;88;;;;;;;;;;;;;;;;;;;;;;;;;;;;;;;;;;;;;;;;;;;
Chili;Hacienda Araucano;Blanc ;Edicion Limitada - Chardonnay;2025;;;;;;;;;;;;;;;;;;;;;;;;;;;;;;;;;;;;;;;;;;90;;;;;;;
Chili;Hacienda Araucano;Blanc ;Edicion Limitada - Sauvignon Blanc;2018;;;;;;;90;;;;;;;;;;;;;;;;;;;;;;;;;;;;;;;;;;;92;;;;;;;
Chili;Hacienda Araucano;Blanc ;Edicion Limitada - Sauvignon Blanc;2019;;83;85;89;;88;92;;;;;;;;90;;;;;;;;;;;;;;;;;;;;;;;;;;;89;;91;;;;;
Chili;Hacienda Araucano;Blanc ;Edicion Limitada - Sauvignon Blanc;2020;;;80;89;;88;91;;;;;;;;90;;;;;;;;;;;;;;;;;;;;;;;;;;;91;;;;;;"88V; 93JS ; 95TA ; 94D";
Chili;Hacienda Araucano;Blanc ;Edicion Limitada - Sauvignon Blanc;2021;;87;;;;;91;;;;;;;;;;;;;;;;;;;;;;;;;;;;;;;;;;;;;;;;;"92WA ; 89V ; 93JS ; 92TA";
Chili;Hacienda Araucano;Blanc ;Edicion Limitada - Sauvignon Blanc;2022;x;;;90;;;;;;;;86;;;;;;;;;;;;;;;;;;;;;;;;;;;;;;92;;;;;;"92V ; 91TA ; 94JS + Top 100 Chile ; 90WS";
Chili;Hacienda Araucano;Blanc ;Edicion Limitada - Sauvignon Blanc;2023;x;;;;;;;;;;;;;;91;;;;;;;;;;;;;;;;;;;;;;;;;;;91;;;;;;;
Chili;Hacienda Araucano;Blanc ;Edicion Limitada - Sauvignon Blanc;2024;;;;;;89;91;;;;;;;;;;;;;;;;;;;;;;;;;;;;;;;;;;;;;;;;;;03/06/2026
Chili;Hacienda Araucano;Blanc ;Edicion Limitada - Sauvignon Blanc;2025;;;;;;;;;;;;;;;;;;;;;;;;;;;;;;;;;;;;;;;;;;92;;;;;;"90WA ; 91V ; 93Descorchados";
Chili;Hacienda Araucano;Blanc ;L'Atelier - Naranjo;2021;;;;;;;92;;;;;;;;;;;;;;;;;;;;;;;;;;;;;;;;;;;;;;;;;;
Chili;Hacienda Araucano;Blanc ;L'Atelier - Naranjo;2022;;;;91;;;;;;;;;;;;;;;;;;;;;;;;;;;;;;;;;;;;;;91;;;;;;;
Chili;Hacienda Araucano;Blanc ;Humo Blanco Sauvignon Blanc;2022;;;;90;;;89;;;;;;;;;;;;;;;;;;;;;;;;;;;;;;;;;;;;;;;;;;
Chili;Hacienda Araucano;Blanc ;Humo Blanco Sauvignon Blanc;2021;;87;;;;;91;;;;;;;;;;;;;;;;;;;;;;;;;;;;;;;;;;;;;;;;;;
Chili;Hacienda Araucano;Blanc ;Humo Blanco Sauvignon Blanc;2020;;;;89;;88;91;;;;;;;;;;;;;;;;;;;;;;;;;;;;;;;;;;;;;;;;;;
Chili;Hacienda Araucano;Blanc ;Humo Blanco Sauvignon Blanc;2019;;;;;;;92;;;;;;;;;;;;;;;;;;;;;;;;;;;;;;;;;;;;;;;;;;
Chili;Hacienda Araucano;Blanc ;Humo Blanco Sauvignon Blanc;2018;;;;;;;90;;;;;;;;;;;;;;;;;;;;;;;;;;;;;;;;;;;;;;;;;;
Chili;Hacienda Araucano;Blanc ;L'Atelier - Naranjo;2023;;;91;;;;92;;;;;;;;;;;;;;;;;;;;;;;;;;;;;;;;;;;;;;;;;;
Chili;Hacienda Araucano;Rosé ;L'Atelier - Pet Nat;2021;;;;;;90;89;;;;;;;;;;;;;;;;;;;;;;;;;;;;;;;;;;;;;;;;;;
Chili;Hacienda Araucano;Rosé ;L'Atelier - Pet Nat;2023;;;;89;;;;;;;;;;;;;;;;;;;;;;;;;;;;;;;;;;;;;;"91 ""revelacion""";;;;;;;
Chili;Hacienda Araucano;Rosé ;L'Atelier - Pet Nat;2024;;;;;;89;;;;;;;;;;;;;;;;;;;;;;;;;;;;;;;;;;;;;;;;;;90JS;
Chili;Hacienda Araucano;Rosé ;Une;NV;X;;;;;;89;;;;;;;;92;;;;;;;;;;;;;;;;;;;;;;;;;;;92;;92;;;;"91TA ;  92V";
Chili;Hacienda Araucano;Rosé ;Une;2024;;;;;;89;;;;;;;;;;;;;;;;;;;;;;;;;;;;;;;;;;;;;;;;;;;
Chili;Hacienda Araucano;Rosé ;L'Atelier - Pet Nat;2022;;;;;;;89;;;;;;;;;;;;;;;;;;;;;;;;;;;;;;;;;;;;;;;;;;
Chili;Hacienda Araucano;Rouge ;Alka;2010;;;93;;;91;91;;;;;;;;;;;;;;;;;;;;;;;;;;;;;;;;;;;;;;;;;"89D ; 93JS - top100 ";
Chili;Hacienda Araucano;Rouge ;Alka;2011;;86;94;;89;;92;;;;;;;;;;;;;;;;;;;;;;;;;;;;;;;;;;;;;;;;;;
Chili;Hacienda Araucano;Rouge ;Alka;2012;;;90;91;;;92;;;;;;;;;;;;;;;;;;;;;;;;;;;;;;;;;;;;;;;;;89V;
Chili;Hacienda Araucano;Rouge ;Alka;2013;;88;90;;;;;;;;;;;;;;;;;;;;;;;;;;;;;;;;;;;;;;;;;;;;;88WE Best Buy;
Chili;Hacienda Araucano;Rouge ;Alka;2014;;;92;90;;91;93;;;;;;;;92;;;;;;;;93;;;;;;;;;;;;;;;;;;;;;94;;;;;
Chili;Hacienda Araucano;Rouge ;Alka;2015;;91;90;;;;96;;;;;85;;;94;;;;;;;;;;;;;;;;;;;;;;;;;;;;;94;96;;;;
Chili;Hacienda Araucano;Rouge ;Alka;2016;x;;;91;;87;97;;;;;;;;93;;;;;;;;;;;;;;;;;;;;;;;;;;;93;;94;;;;90JS;
Chili;Hacienda Araucano;Rouge ;Alka;2018;x;;;91;;91;96 - TOP 100;;;;;;;;93;;;;;;MASTER MEDAL;;;;;;;;;;;;;;;;;;;;;;;95;;;;90JS;
Chili;Hacienda Araucano;Rouge ;Alka;2020;x;;"93 ; #87 Top 100";92;;;95;;;;;;;;;;;;;;;;;;;;;;;;;;;;;;;;;;;95;;;;;;89WS;
Chili;Hacienda Araucano;Rouge ;Alka;2022;x;90;;;;91;96;;;;;;;;94;;;;;;;;;;;;;;;;;;;;;;;;;;;"96 ""mejor colchagua costa""";;;;;;;
Chili;Hacienda Araucano;Rouge ;Araucano Reserva - Cabernet Sauvignon;2018;X;;;;;;;;;;;;;;;;;;;;;;;;;;;;;;;;;;;;;;;;;90;;;;;;;
Chili;Hacienda Araucano;Rouge ;Araucano Reserva - Cabernet Sauvignon;2019;X;;;;;;90;;;;;;;;;;;;;;;;;;;;;;;;;;;;;;;;;;;;;;;;;;
Chili;Hacienda Araucano;Rouge ;Araucano Reserva - Carménère;2017;;;;;;;91;;;;;91;;;;;;;;;;;;;;;;;;;;;;;;;;;;;;;;;;;;91 Descorchados;
Chili;Hacienda Araucano;Rouge ;Araucano Reserva - Carménère;2019;X;;;;;;91;;;;;;;;;;;;;;;;;;;;;;;;;;;;;;;;;;;90;;;;;;93JS;
Chili;Hacienda Araucano;Rouge ;CLO Tinto;2013;;89;91;;;89;92;;;;;;;;;;;;;;;;92;;;;;;;;;;;;;;;;;;;90;;;;;;"89WA ; bronze medal drinks buisiness";
Chili;Hacienda Araucano;Rouge ;CLO Tinto;2014;;89;91;91;;;94;;;;;;;;90;;;;;;;;;;;;;;;;;;;;;;;;;;;;;;;;;88WE - Best buy;
Chili;Hacienda Araucano;Rouge ;CLO Tinto;2015;;;91;;;;95;91;;;;;;;91;;;;;;;;;;;;;;;;;;;;;;;;;;;92;;;;;;;
Chili;Hacienda Araucano;Rouge ;CLO Tinto;2016;;;;90;;90;91;;;;;;;;91;;;;;;;;;;;;;;;;;;;;;;;;;;;90;;92;;;;92JS;
Chili;Hacienda Araucano;Rouge ;CLO Tinto;2018;;;;90;91;90;93;;;;;;;;;;;;;;;;;;;;;;;;;;;;;;;;;;;92;;;;;;88D;
Chili;Hacienda Araucano;Rouge ;CLO Tinto;2019;;91;;91;;89;94 - TOP 100;;;;;;;;92;;;;;;;;;;;;;;;;;;;;;;;;;;;;;;;;;;
Chili;Hacienda Araucano;Rouge ;CLO Tinto;2020;x;91;;91;;91;94 - TOP 100;; ;;;;;;;;;;;;;;;;;;;;;;;;;;;;;;;;;93;;;;;;;
Chili;Hacienda Araucano;Rouge ;CLO Tinto;2021;;;;;;93;94;;;;;;;;;;;;;;;;;;;;;;;;;;;;;;;;;;;;;;;;;;
Chili;Hacienda Araucano;Rouge ;CLO Tinto;2022;;90;;;;92;94;;;;;;;;91;;;;;;;;;;;;;;;;;;;;;;;;;;;;;;;;;;
Chili;Hacienda Araucano;Rouge ;CLO Tinto;2024;;;;;;;;;;;;;;;;;;;;;;;;;;;;;;;;;;;;;;;;;;95;;;;;;"90WE ; 94JS ; 95 Descochados";
Chili;Hacienda Araucano;Rouge ;Humo Blanco Pinot Noir ;2024;;89;89;;;;;;;;;;;;;;;;;;;;;;;;;;;;;;;;;;;;;;;;;;;;;"89WA ; 89V; 91D";
Chili;Hacienda Araucano;Rouge ;Edicion Limitada - Cabernet Franc;2019;;;;;;;90;;;;;;;;;;;;;;;;;;;;;;;;;;;;;;;;;;;;;;;;;"91 Descorchados ; 89WE";
Chili;Hacienda Araucano;Rouge ;Edicion Limitada - Cabernet Franc;2020;;89;90- best buy;88;;90;93;;;;;;;;86;;;;;;;;;;;;;;;;;;;;;;;;;;;;;;;;;;
Chili;Hacienda Araucano;Rouge ;Edicion Limitada - Cabernet Franc;2021;;;;;;;93 - TOP 100;;;;;;;;;;;;;;;;;;;;;;;;;;;;;;;;;;;89;;;;;;;
Chili;Hacienda Araucano;Rouge ;Edicion Limitada - Cabernet Franc;2022;x;;;89;;90;93;;;;;;;;;;;;;;;;;;;;;;;;;;;;;;;;;;;;;;;;;;
Chili;Hacienda Araucano;Rouge ;Edicion Limitada - Cabernet Franc;2023;;;88- best buy;;;;90;;;;;;;;91;;;;;;;;;;;;;;;;;;;;;;;;;;;;;;;;;91JS;
Chili;Hacienda Araucano;Rouge ;Edicion Limitada - Cabernet Franc;2024;;;;;;90;92;;;;;;;;;;;;;;;;;;;;;;;;;;;;;;;;;;;91;;;;;;;
Chili;Hacienda Araucano;Rouge ;Edicion Limitada - Cabernet Sauvignon;2017;;;84;;;;90;;;;;;;;;;;;;;;;;;;;;;;;;;;;;;;;;;;;;;;;;90V;
Chili;Hacienda Araucano;Rouge ;Edicion Limitada - Cabernet Sauvignon;2019;;87;87;;;;91;;;;;;;;90;;;;;;;;;;;;;;;;;;;;;;;;;;;;;;;;;"90WA ; 92D";
Chili;Hacienda Araucano;Rouge ;Edicion Limitada - Cabernet Sauvignon;2020;;;;;;;90;;;;;;;;;;;;;;;;;;;;;;;;;;;;;;;;;;;;;;;;;;
Chili;Hacienda Araucano;Rouge ;Edicion Limitada - Cabernet Sauvignon;2021;x;;;;;;90;;;;;;;;;;;;;;;;;;;;;;;;;;;;;;;;;;;;;;;;;;20/05/2026
Chili;Hacienda Araucano;Rouge ;Edicion Limitada - Cabernet Sauvignon;2023;;89;;;;;;;;;;;;;;;;;;;;;;;;;;;;;;;;;;;;;;;;;;;;;;91Descorchados;
Chili;Hacienda Araucano;Rouge ;Edicion Limitada - Cabernet Sauvignon;2024;;90;;;;90;90;;;;;;;;;;;;;;;;;;;;;;;;;;;;;;;;;;;90;;;;;;;
Chili;Hacienda Araucano;Rouge ;Edicion Limitada - Carménère;2019;;;;;;;93;;;;;;;;;;;;;;;;;;;;;;;;;;;;;;;;;;;91;;;;;;;
Chili;Hacienda Araucano;Rouge ;Edicion Limitada - Carménère;2020;;89;;;;90;;;;;;;;;;;;;;;;;;;;;;;;;;;;;;;;;;;;;;;;;;;
Chili;Hacienda Araucano;Rouge ;Edicion Limitada - Carménère;2021;x;;;;;;93;;;;;;;;;;;;;;;;;;;;;;;;;;;;;;;;;;;;;;;;;;
Chili;Hacienda Araucano;Rouge ;Edicion Limitada - Carménère;2022;;;;89;;;;;;;;;;;;;;;;;BRONZE MEDAL;;;;;;;;;;;;;;;;;;;;;;;;;;;;
Chili;Hacienda Araucano;Rouge ;Edicion Limitada - Carménère;2023;;;88- best buy;;;;91;;;;;;;;90;;;;;;;;;;;;;;;;;;;;;;;;;;;;;;;;;;
Chili;Hacienda Araucano;Rouge ;Edicion Limitada - Carménère;2024;;;;;;89;;;;;;;;;;;;;;;;;;;;;;;;;;;;;;;;;;;;91;;;;;;;
Chili;Hacienda Araucano;Rouge ;Edicion Limitada - Carménère SSO2;2020;;;;;;;92;;;;;;;;90;;;;;;;;;;;;;;;;;;;;;;;;;;;93;;;;;;;
Chili;Hacienda Araucano;Rouge ;Edicion Limitada - Pinot Noir;2017;;;;;;90;90;;;;;;;;;;;;;;;;;;;;;;;;;;;;;;;;;;;;;;;;;;
Chili;Hacienda Araucano;Rouge ;Edicion Limitada - Pinot Noir;2018;;;81;;;;91;;;;;;;;90;;;;;;;;;;;;;;;;;;;;;;;;;;;89;;;;;;"92WE - TOP100 ; 92WA ; 91V ; 93JS ; 93TA";
Chili;Hacienda Araucano;Rouge ;Edicion Limitada - Pinot Noir;2019;;;;;;91;90;;;;;92;;;92;;;;;;;;;;;;;;;;;;;;;;;;;;;88;;;;;;" 90WA ; 93D ; 95TA ; 91V ; 91Decanter";
Chili;Hacienda Araucano;Rouge ;Edicion Limitada - Pinot Noir;2020;;;;90;;89;93 - TOP 100;;;;;;;;91;;;;;;;;;;;;;;;;;;;;;;;;;;;;;;;;;"93TA ; 90V ; 92JS";
Chili;Hacienda Araucano;Rouge ;Edicion Limitada - Pinot Noir;2021;;;;;;;90;;;;;;;;;;;;;;;;;;;;;;;;;;;;;;;;;;;;;;;;;;
Chili;Hacienda Araucano;Rouge ;Edicion Limitada - Pinot Noir;2022;;;;89;;89;;;;;;;;;;;;;;;;;;;;;;;;;;;;;;;;;;;;91;;;;;;;03/06/2026
Chili;Hacienda Araucano;Rouge ;Edicion Limitada - Pinot Noir;2023;x;;89;;;;;;;;;;;;91;;;;;;;;;;;;;;;;;;;;;;;;;;;91;;;;;;;
Chili;Hacienda Araucano;Rouge ;Edicion Limitada - Pinot Noir;2024;;89;;;;86;;;;;;;;;;;;;;;;;;;;;;;;;;;;;;;;;;;;;;;;;;;
Chili;Hacienda Araucano;Rouge ;Edicion Limitada - Pinot Noir;2025;;;;;;;;;;;;;;;;;;;;;;;;;;;;;;;;;;;;;;;;;;91;;;;;;;
Chili;Hacienda Araucano;Rouge ;Edicion Limitada - Syrah;2018;;;88;90+;;;89;;;;;;;;;;;;;;;;;;;;;;;;;;;;;;;;;;;89;;92;;;;;
Chili;Hacienda Araucano;Rouge ;Edicion Limitada - Syrah;2021;x;;;;;;91;;;;;;;;;;;;;;;;;;;;;;;;;;;;;;;;;;;91;;;;;;;
Chili;Hacienda Araucano;Rouge ;Edicion Limitada - Syrah SSO2;2017;;;;88;;;90;;;;;;;;91;;;;;;;;;;;;;;;;;;;;;;;;;;;;;;;;;"91V ; 92JS ; 94LACAVE";
Chili;Hacienda Araucano;Rouge ;Gran Araucano;2011;;85;92;;;;;;;;;;;;;;;;;;;;;;;;;;;;;;;;;;;;;;;;;;;;;"92JS ; 93 Descorchados";
Chili;Hacienda Araucano;Rouge ;Gran Araucano;2013;;88;90;;;;91;;;;;;;;92;;;;;;;;90;;;;;;;;;;;;;;;;;;;;;94;;;;92JS;
Chili;Hacienda Araucano;Rouge ;Gran Araucano;2014;;87;88;;;;93;;;;;;;;93;;;;;;;;;;;;;;;;;;;;;;;;;;;;;;;;;"91D ; 91WA";
Chili;Hacienda Araucano;Rouge ;Gran Araucano;2015;;90;90;;87;;93;;;;;90;;;92;;;;;;;;;;;;;;;;;;;;;;;;;;;90;;;;;;"90V ; 89JS";
Chili;Hacienda Araucano;Rouge ;Gran Araucano;2016;;90;92;;;90;94;;;;;;;;93;;;;;;;;;;;;;;;;;;;;;;;;;;;91;;94;;;;91JS;
Chili;Hacienda Araucano;Rouge ;Gran Araucano;2018;;;92 - TOP 100;92;;91;93;;;;;;;;93;;;;;;;;;;;;;;;;;;;;;;;;;;;;;;;;;92 Descorchados;
Chili;Hacienda Araucano;Rouge ;Gran Araucano;2020;;90;90;91;;;94;;;;;;;;;;;;;;;;;;;;;;;;;;;;;;;;;;;95;;;;;;"89WA ; 91D - revelacion";
Chili;Hacienda Araucano;Rouge ;Gran Araucano;2022;x;89;90;;;91;94;;;;;;;;92;;;;;;;;;;;;;;;;;;;;;;;;;;;95;;;;;;"91WA ; 93V ; 92JS";
Chili;Hacienda Araucano;Rouge ;Gran Cuvée - Pinot Noir;2015;;;;;;;92;;;;;;;;92;;;;;;;;;;;;;;;;;;;;;;;;;;;;;;;;;91D;
Chili;Hacienda Araucano;Rouge ;Gran Cuvée - Pinot Noir;2019;;;;;;;;;;;;;;;;;;;;;;;;;;;;;;;;;;;;;;;;;;90;;;;;;"92LACAV ; 92D ; 92TA ; 89JS";
Chili;Hacienda Araucano;Rouge ;L'Atelier - Carmenere SSO2;2020;;;;90;;90;;;;;;;;;;;;;;;;;;;;;;;;;;;;;;;;;;;;;;;;;;;
Chili;Hacienda Araucano;Rouge ;L'Atelier - Carmenere SSO2;2021;;;;;;91;92;;;;;;;;90;;;;;;;;;;;;;;;;;;;;;;;;;;;93;;94;;;;;
Espagne;Hermanos Lurton ;Blanc ;Camino del Puerto;2024;;;;;;89;90;;;;;;;;;;;;;;;;;;;;;;;;;;;;;;;;;;;;;;;;;90JS;
Espagne;Hermanos Lurton ;Autre;Cibola Orange;2022;;;;;;91;;;;;;;;;;;;;;;;;;;;;;;;;;;;;;;;;;;;;;;;;;91V;
Espagne;Hermanos Lurton ;Blanc ;Cuesta de Oro;2018;;;;;;;92;;;;;;;;;;;;;;;;92*****;;;;;;;;;;;;;;;;;;;;;;;;;;
Espagne;Hermanos Lurton ;Blanc ;Cuesta de Oro;2019;;;;;;;92;;;;;;;;;;;;;;;92;91****;;;;;;;;;;;;;;;;;;;;;;;;;;
Espagne;Hermanos Lurton ;Blanc ;Cuesta de Oro;2020;;;;;;;92;;;;;;;;;;;;;;;;;;;;;;;;;;;;;;;;;;;;;;;;;92JS;
Espagne;Hermanos Lurton ;Blanc ;Cuesta de Oro;2021;;;;;;;;;;;;;;;;;;;;;;93;91;;;;;;;;;;;;;;;;;;;;;;;;;"93G ; 91GP";
Espagne;Hermanos Lurton ;Blanc ;Cuesta de Oro;2022;x;;;;;;;;;;;;;;;;;;;;;90;91;;;;;;;;;;;;;;;;;;;;;;;;;"90G ; 91GP";
Espagne;Hermanos Lurton ;Blanc ;Cuesta de Oro;2023;;;;;;;;;;;;;;;;;;;;;;;91;;;;;;;;;;;;;;;;;;;;;;;;;;
Espagne;Hermanos Lurton ;Blanc ;Cuesta de Oro;2024;;;;;;;92;;;;;;;;;;;;;;;;;;;;;;;;;;;;;;;;;;;;;;;;;;
Espagne;Hermanos Lurton ;Rouge ;Cuesta Grande;2014;;;;89;;;93;;;;;;;;;;;;;;;;93***;;;;;;;;;;;;;;;;;;;;;;;;;;
Espagne;Hermanos Lurton ;Rouge ;Cuesta Grande;2016;X;;;;;;93;;;;;;;;;;;;;;;91;;;;;;;;;;;;;;;;;;;;;;;;;;;
Espagne;Hermanos Lurton ;Rouge ;Cuesta Grande;2017;X;;;;;;91;;;;;;;;;;;;;;;;91;;;;;;;;;;;;;;;;;;;;;;;;;;
Espagne;Hermanos Lurton ;Rouge ;Cuesta Grande;2018;;;;;;;;;;;;;;;;;;;;;;;92;;;;;;;;;;;;;;;;;;;;;;;;;;
Espagne;Hermanos Lurton ;Rouge ;No Added Sulphites;2018;;;;;;;91;;;;;;;;;;;;;;;;90;;;;;;;;;;;;;;;;;;;;;;;;;;
Espagne;Hermanos Lurton ;Rouge ;No Added Sulphites;2019;X;;;;;;91;;;;;;;;;;;;;;;;90***;;;;;;;;;;;;;;;;;;;;;;;;;"91JS ; 90***GP";
Espagne;Hermanos Lurton ;Rouge ;No Added Sulphites;2020;X;87;;;;;92;;;88*;;;;;;;;;;;;;;;;;;;;;;;;;;;;;;;;;;;;;;92JS;
Espagne;Hermanos Lurton ;Rouge ;No Added Sulphites;2021;;;;;;;;;;;;;;;;;;;;;;;89;;;;;;;;;;;;;;;;;;;;;;;;;;
Espagne;Hermanos Lurton ;Rouge ;No Added Sulphites;2022;;;;;;;;;;;;94;;;;;;;;;;92;;;;;;;;;;;;;;;;;;;;;;;;;;"94 Decanter ; 92G";
Espagne;Hermanos Lurton ;Rouge ;No Added Sulphites;2023;;;;;;;;;;;;;;;90;;;;;;;;;;;;;;;;;;;;;;;;;;;;;;;;;"90TA ;";
Espagne;Hermanos Lurton ;Rosé ;"Rosado ""Cuvée Valentin""";2017;;;;;;;92;;;;;;;;;;;;;;;;;;;;;;;;;;;;;;;;;;;;;;;;;;
Espagne;Hermanos Lurton ;Rosé ;"Rosado ""Cuvée Valentin""";2019;;;;;;;92;;;;;;;;;;;;;;;;90;;;;;;;;;;;;;;;;;;;;;;;;;;
Espagne;Hermanos Lurton ;Rosé ;"Rosado ""Cuvée Valentin""";2020;;;;;;;92;;;;;;;;;;;;;;;;;;;;;;;;;;;;;;;;;;;;;;;;;;
Espagne;Hermanos Lurton ;Blanc ;Sauvignon Blanc;2019;;;;;;;91;;;;;;;;;;;;;;;92;;;;;;;;;;;;;;;;;;;;;;;;;;"91JS ; 92G";
Espagne;Hermanos Lurton ;Blanc ;Sauvignon Blanc;2020;;;;;;;92;;;;;;;;;;;;;;;;;;;;;;;;;;;;;;;;;;;;;;;;;92JS;
Espagne;Hermanos Lurton ;Blanc ;Sauvignon Blanc;2021;;;;;;;;;;;;;;;;;;;;;;;89;;;;;;;;;;;;;;;;;;;;;;;;;;
Espagne;Hermanos Lurton ;Blanc ;Sauvignon Blanc;2022;x;;;;;;;;;;;;;;;;;;;;;;89;;;;;;;;;;;;;;;;;;;;;;;;;;
Espagne;Hermanos Lurton ;Rouge ;Sauvignon Blanc;2024;;;;;;;91;;;;;;;;;;;;;;;;;;;;;;;;;;;;;;;;;;;;;;;;;;
Espagne;Hermanos Lurton ;Rouge ;Tempranillo;2017;;;;88;;;91;;;;;;;;;;;;;;;;;;;;;;;;;;;;;;;;;;;;;;;;;;
Espagne;Hermanos Lurton ;Rouge ;Tempranillo;2018;X;87;;;;;91;;;;;;;;;;;;;;;;;;;;;;;;;;;;;;;;;;;;;;;;;;
Espagne;Hermanos Lurton ;Rouge ;Tempranillo;2019;X;;;;;;91;;;91**;;;;;;;;;;;;;91*****;;;;;;;;;;;;;;;;;;;;;;;;;"91JS ; 91MH** ; 91GP*****";
Espagne;Hermanos Lurton ;Rouge ;Tempranillo;2020;;;91 - BEST BUY;;;;92;;;;;;;;;;;;;;;91;90;;;;;;;;;;;;;;;;;;;;;;;;;"91WE - best buy ; 92JS ; 91G ; 90GD";
Espagne;Hermanos Lurton ;Rouge ;Tempranillo;2021;;;;89;;91;;;;;;;;;;;;;;;;;;;;;;;;;;;;;;;;;;;;;;;;;;91V;
Espagne;Hermanos Lurton ;Rouge ;Tempranillo;2022;;;;;;92;;;;;;87 - BRONZE MEDAL;;;;;;;;;;;;;;;;;;;;;;;;;;;;;;;;;;;;"92V ; ";
Espagne;Hermanos Lurton ;Blanc ;Verdejo;2018;;;;;;;90;;;;;;;;;;;;;;;;;;;;;;;;;;;;;;;;;;;;;;;;;;
Espagne;Hermanos Lurton ;Blanc ;Verdejo;2019;;;;;;;91;;;;;90;;;;;;;;;;90;91*****;;;;;;;;;;;;;;;;;;;;;;;;;;
Espagne;Hermanos Lurton ;Blanc ;Verdejo;2020;;;;;91 - Best Buy;;92;;;88*;;;;;;;;;;;;;;;;;;;;;;;;;;;;;;;;;;;;;;"91W&S - best buy ; 92JS";
Espagne;Hermanos Lurton ;Blanc ;Verdejo;2021;;;;88;;94;;;;;;;;;;;;;;;;90;91;;;;;;;;;;;;;;;;;;;;;;;;;"94V ; 90G ; 91GP";
Espagne;Hermanos Lurton ;Blanc ;Verdejo;2022;x;;89 - BEST BUY;;;93;;;;;;;;;;;;;;;;;92;;;;;;;;;;;;;;;;;;;;;;;;;"89WE - best buy ; 93V ; 92GP";
Espagne;Hermanos Lurton ;Blanc ;Verdejo;2024;;;;;;;91;;;;;;;;;;;;;;;;;;;;;;;;;;;;;;;;;;;;;;;;;;
France;La Mule ;Rouge ;Merlot;;;;;;;;;;;;;;;;;;;;;;;;;;;;;;;;;;;;;;;;;;;;;;;;;;
France;La Mule ;Rosé ;Rosé;2021;;;;;;;90;;;;;;;;;;;;;;;;;;;;;;;;;;;;;;;;;;;;;;;;;;
France;La Mule ;Rosé ;Rosé de Provence;2020;;;;;;;90;;;;;;;;;;;;;;;;;;;;;;;;;;;;;;;;;;;;;;;;;;
France;La Mule ;Rosé ;Rosé de Provence;2022;X;;;;;;90;;;;;;;;;;;;;;;;;;;;;;;;;;;;;;;;;;;;;;;;;;
France;La Mule ;Rosé ;Rosé de Provence;2023;;;;;;;88;;;;;;;;;;;;;;;;;;;;;;;;;;;;;;;;;;;;;;;;;;
France;La Mule ;Blanc ;Terret & Sauvignon;;;;;;;;;;;;;;;;;;;;;;;;;;;;;;;;;;;;;;;;;;;;;;;;;;
France;Mas d'en Janeil ;Rouge ;C2;2021;;;;;;;;;;;;;;;;;;;;;;;;;;;;;;;;;;;OR;;;;;;;;;;;;;;
France;Mas d'en Janeil ;Rouge ;C2;2022;;;91 BEST BUY;;89;;91;;;;;;;;;;;;;;;;;;;;;;;;;;;;;;;;;;;;;;;;;;
France;Mas d'en Janeil ;Rouge ;C2;2023;;;;;;;91;;;;;;;;;;;;;;;;;;;OR;;;;;;;;;;;;;;;;;;;;;;;
France;Mas d'en Janeil ;Rouge ;C2;2025;;;;;;;91;;;;;;;;;;;;;92;;;;;;OR;;;;;;;;;;;;;;;;;;;;;;;21/04/2026
France;Mas d'en Janeil ;Rouge ;Le Pas de la Mule;2006;;91;91;;;;;;;;;;;;;;;;;;;;;;;;;;;;;;;;;;;;;;;;;;;;;;
France;Mas d'en Janeil ;Rouge ;Le Pas de la Mule;2007;;91;;;;;;;;;;;;;;;;;;;;;;;;;;;;;;;;;;;;;;;;;;;;;;;
France;Mas d'en Janeil ;Rouge ;Le Pas de la Mule;2008;;92;87;;;;;;;;;;;;;;;;;;;;;;;;;;;;;;;;;;;;;;;;;;;;;;
France;Mas d'en Janeil ;Rouge ;Le Pas de la Mule;2015;X;90 EDITOR'S CHOICE;92;;;;93;;;;;;;;;;;91;;;;;;;;;;;;;;;;;;;;;;;;;;;;;;;
France;Mas d'en Janeil ;Rouge ;Le Pas de la Mule;2018;;;;;;;93;;;;;;;;;;;;;;;;;;;;;;;;;;;;;;;;;;;;;;;;;;
France;Mas d'en Janeil ;Blanc ;Le Petit Pas;2018;;88;;;89;;;;;;;;;;;;;;;;;;;;;;;;;;;;;;;;;;;;;;;;;;;;
France;Mas d'en Janeil ;Blanc ;Le Petit Pas;2020;X;;;;;;90;;;89*;;;;;;;;;;;;;;;;Argent;;;;;;;;;;;;;;;;;;;;;;;
France;Mas d'en Janeil ;Blanc ;Le Petit Pas;2022;;;90 BEST BUY;;90;;;;;;;;;;;;;;;;;;;;;;;;;;;;;;;;;;;;;;;;;;Gold Medal;;
France;Mas d'en Janeil ;Blanc ;Le Petit Pas;2023;;;90 BEST BUY;;;;;;;;;;;;;;;;;;;;;;;;;;;;;;;;;;;;;;;;;;;;;90 Best Buy WE;
France;Mas d'en Janeil ;Blanc ;Le Petit Pas;2024;;;;;;;;;;;;;;;;;;;;;;;;89;;;;;;;;;;;;;;;;;;;;;;;;;
France;Mas d'en Janeil ;Blanc ;Le Petit Pas;2025;;;;;;;;;;;;;;;;;;;;;;;;;;OR;;;;;;;;;;;;;;;;;;;;;;;20/05/2026
France;Mas d'en Janeil ;Rouge ;Le Petit Pas;2017;;85;;;;;91;;;;;;;;;;;;;;;;;;;;;;;;;;;;;;;;;;;;;;;;;;
France;Mas d'en Janeil ;Rouge ;Le Petit Pas;2018;X;84;;;90;;;;;;;;;;;;;;;;;;;;;;;;;;;;;;;;;;;;;;;;;;;;
France;Mas d'en Janeil ;Rouge ;Le Petit Pas;2019;X;;;87;87;;91;;;89*;;;;;;;;;;;;;;;;;;;;;;;;;;;;;;;;;;;;;;;
France;Mas d'en Janeil ;Rouge ;Le Petit Pas;2022;;;90 BEST BUY;;;;89;;;;;;;;;;;;;;;;;;;;;;;;;;;;;;;;;;;;;;;;;;
France;Mas d'en Janeil ;Rouge ;Le Petit Pas;2023;;;91 BEST BUY;;;;;;;;;;;;;;;;;;;;;;;;;;;;;;;;;;;;;;;;;;;;;91 Best Buy WE;
France;Mas d'en Janeil ;Blanc ;Les Hauts de Janeil Chardonnay & Viognier;;;;;;;;;;;;;;;;;;;;;;;;;;;;;;;;;;;;;;;;;;;;;;;;;;
France;Mas d'en Janeil ;Blanc ;Les Hauts de Janeil Grenache & Sauvignon;2017;;;;;;;90;;;;;;;;;;;;;;;;;;;;;;;;;;;;;;;;;;;;;;;;;;
France;Mas d'en Janeil ;Blanc ;Les Hauts de Janeil Grenache & Sauvignon;2018;;84;;;;;;;;;;;;;;;;;;;;;;;;;;;;;;;;;;;;;;;;;;;;;;;
France;Mas d'en Janeil ;Blanc ;Les Hauts de Janeil Grenache & Sauvignon;2022;;;91 BEST BUY;;;;89;;;;;;;;;;;;;;;;;;;;;;;;;;;;;;;;;;;;;;;;;;
France;Mas d'en Janeil ;Blanc ;Les Hauts de Janeil Grenache & Sauvignon;2023;;;90 BEST BUY;;;;;;;;;;;;;;;;;;;;;;;;;;;;;;;;;;;;;;;;;;;;;90 Best Buy WE;
France;Mas d'en Janeil ;Rosé ;Les Hauts de Janeil Rosé de Syrah;2018;;86;;84;;;;;;;;;;;;;;;;;;;;;;;;;;;;;;;;;;;;;;;;;;;;;
France;Mas d'en Janeil ;Rouge ;Les Hauts de Janeil Syrah & Grenache;2017;;;;;;;90;;;;;;;;;;;;;;;;;;;;;;;;;;;;;;;;;;;;;;;;;;
France;Mas d'en Janeil ;Rouge ;Les Hauts de Janeil Syrah & Grenache;2018;;87;;;;;;;;;;;;;;;;;;;;;;;;;;;;;;;;;;;;;;;;;;;;;;;
France;Mas d'en Janeil ;Rouge ;Les Hauts de Janeil Syrah & Grenache;2023;;;90 BEST BUY;;;;;;;;;;;;;;;;;;;;;;;;;;;;;;;;;;;;;;;;;;;;;;
France;Mas d'en Janeil ;Rouge ;Mas d'en Janeil;2013;;90;;90;;;;;;;;;;;;;;;;;;;;;;;;;;;;;;;;;;;;;;;;;;;;;
France;Mas d'en Janeil ;Rouge ;Mas d'en Janeil;2014;;91;;;;;;;;;;90;;;;;;;;;;;;;;;;;;;;;;;;;;;;;;;;;;;;;
France;Mas d'en Janeil ;Rouge ;Mas d'en Janeil;2015;;91;;;90;;94;;;;;;;;;;;;;;;;;;;;;;;;;;;;;;;;;;;;;;;;;;
France;Mas d'en Janeil ;Rouge ;Mas d'en Janeil ;2016;X;88;;;88;;92;;;;;;;;;;;;;;;;;;;;;;;;;;;;;;;;;;;;;;;;;;
France;Mas d'en Janeil ;Rouge ;Mas d'en Janeil ;2017;X;;;86;;;;;;;91;;;;;;;;;;;;;;;;;;;;;;;;;;;;;;;;;;;;;;
France;Mas d'en Janeil ;Rouge ;Mas d'en Janeil ;2018;X;84;;;88;;93;;;92**;;;;;;;;;;;;;;;;;;Or;;;;;;;;;;;;;;;;;;;;"93JS ; 92*** Miquel Hudin";
France;Mas d'en Janeil ;Rouge ;Mas d'en Janeil ;2019;;;91;;;;;;;;;;;;;;;;;;;;;;;;;;;;;;;;;;;;;;;;;;;;;;
France;Mas d'en Janeil ;Rouge ;Mas d'en Janeil ;2020;;;;;;;91;;;;;;;;;;;;;;;;;;;;;;;;;;;;;;;;;;;;;;;;;;
France;Mas d'en Janeil ;Rouge ;Mas d'en Janeil ;2021;x;;;;;;91;;;;;;;;;;;;;;;;;;;;;;;;;;;;;;;;;;;;;;;;;;
France;Mas d'en Janeil ;Rouge ;Mas d'en Janeil AUTENTIC Sans Soufre;2019;X;;;90;;;;;;;;;;;;;;;;;;;;90;;;;;;;;;;;;Argent;;;;;;;;;;;;;
France;Mas d'en Janeil ;Rouge ;Mas d'en Janeil AUTENTIC Sans Soufre;2020;X;;92 BEST BUY;89;;;91;;;88*;;;;;;;;;;;;;;;;;;;;;;;;;;;;;;;;;;;;;;"92WE Best Buy ; 91JS";
France;Mas d'en Janeil ;Rouge ;Mas d'en Janeil Sans Soufre;2015;;90;;;91;;;;;;;;;;;;;;;;;;;;;;;;;;;;;;;;;;;;;;;;;;;;
France;Mas d'en Janeil ;Rouge ;Mas d'en Janeil Sans Soufre;2016;;90;87;;;;;;;;;;;;;;;;;;;;;;;;;;;;;;;;;;;;;;;;;;;;;;
France;Mas d'en Janeil ;Rouge ;Mas d'en Janeil Sans Soufre;2017;;90;85;;;;93;;;;;;;;;;;;;;;;;;;;;;;;;;;;;;;;;;;;;;;;;;
France;Mas d'en Janeil ;Rouge ;Mas d'en Janeil Sans Soufre;2018;X;;;86;;;93;;;;;;;;;;;91;;;;;;;;;;;;;;;;;;;;;;;;;;;;;;;
France;Mas d'en Janeil ;Blanc ;Mas d'en Janeil Traou;2014;;88;;90;;;;;;;;;;;;;;;;;;;;;;;;;;;;;;;;;;;;;;;;;;;;;
France;Mas d'en Janeil ;Blanc ;Mas d'en Janeil Traou;2015;X;;;;90;;;;;;;;;;;;;;;;;;;;;;;;;;;;;;;;;;;;;;;;;;;90W&S;
France;Mas d'en Janeil ;Blanc ;Mas d'en Janeil Traou;2016;;90;;;88;;;;;;;;;;;;;92;;;;;;;;;;;;;;;;;;;;;;;;;;;;;;90WS;
France;Mas d'en Janeil ;Blanc ;Mas d'en Janeil Traou;2017;X;;;85;87;;;;;;;;;;;;;;;;;;;;;;;;;;;;;;;;;;;;;;;;;;;;
France;Mas d'en Janeil ;Blanc ;Mas d'en Janeil Traou;2018;X;88;;;93;;92;;;91+**;;;;;;;;;;;;;;;;OR;;;;;;;;;;;;;;;;;;;;;;"93W&S ; 92JS ; 91+**MH ; Gold TDV";
France;Mas d'en Janeil ;Blanc ;Mas d'en Janeil Traou;2020;;;;;;;90;;;;;;;;;;;;;;;;;;;;;;;;;;;;;;;;;;;;;;;;;90JS;
France;Mas d'en Janeil ;Blanc ;Mas d'en Janeil Traou;2024;;;;;;;;;;;;;;;;;;;;89;;;;90;;;;;;;;;;;;;;;;;;;;;;;;;
France;Mas d'en Janeil ;Rouge ;Maury Mas Janeil;;X;;;;;;;;;;;;;;;;;;;;;;;;;;;;;;;;;;;;;;;;;;;;;;;;
France;Mas d'en Janeil ;Autre;Sarrat Del Mas;2022;;;;;89;;91;;;;;;;;;;;;;;;;;;;;OR;;;;;;;;;;;;;;;;;;;;;;
France;Terra Sana ;Blanc ;Terra Sana;;;;;;;;;;;;;;;;;;;;;;;;;;;;;;;;;;;;;;;;;;;;;;;;;;
France;Terra Sana ;Rouge ;Terra Sana;;;;;;;;;;;;;;;;;;;;;;;;;;;;;;;;;;;;;;;;;;;;;;;;;;
Chili;Hacienda Araucano;Rouge ;L'Atelier - Carmenere SSO2;2022;;;;;;;92;;;;;;;;;;;;;;;;;;;;;;;;;;;;;;;;;;;93;;;;;;;
Chili;Hacienda Araucano;Rouge ;L'Atelier - Carmenere SSO2;2023;;;;;;;91;;;;;;;;;;;;;;;;;;;;;;;;;;;;;;;;;;;;;;;;;;
Chili;Hacienda Araucano;Rouge ;L'Atelier - Carmenere SSO2;2024;;;;;;89;91;;;;;;;;;;;;;;;;;;;;;;;;;;;;;;;;;;;;;;;;;;
Chili;Hacienda Araucano;Rouge ;L'Atelier - Syrah-Viognier;2022;;;;91;;93;92;;;;;;;;;;;;;;;;;;;;;;;;;;;;;;;;;;;;;;;;;;
Chili;Hacienda Araucano;Rouge ;L'Atelier - Syrah-Viognier;2023;;;;;;91;;;;;;;;;90;;;;;;;;;;;;;;;;;;;;;;;;;;;91;;;;;;;
Chili;Hacienda Araucano;Rouge ;L'Atelier - Syrah-Viognier;2024;;;;;;89;;;;;;;;;;;;;;;;;;;;;;;;;;;;;;;;;;;;;;;;;;;
Chili;Hacienda Araucano;Rouge ;L'Atelier - Syrah-Viognier;2025;;;;;;;;;;;;;;;;;;;;;;;;;;;;;;;;;;;;;;;;;;93;;;;;;;
Chili;Hacienda Araucano;Rouge ;Humo Blanco Pinot Noir ;2023;;;89;;;88;88;;;;;;;;;;;;;;;;;;;;;;;;;;;;;;;;;;;;;;;;;;
Chili;Hacienda Araucano;Rouge ;Humo Blanco Pinot Noir ;2022;;;;89;;89;;;;;;;;;;;;;;;;;;;;;;;;;;;;;;;;;;;;;;;;;;;
Chili;Hacienda Araucano;Rouge ;Humo Blanco Pinot Noir ;2021;;89;;;;;90;;;;;;;;;;;;;;;;;;;;;;;;;;;;;;;;;;;;;;;;;;
Chili;Hacienda Araucano;Rouge ;Humo Blanco Pinot Noir ;2020;;;;90;;89;93;;;;;;;;;;;;;;;;;;;;;;;;;;;;;;;;;;;;;;;;;;
Chili;Hacienda Araucano;Rouge ;Humo Blanco Pinot Noir ;2019;;;;;;;90;;;;;;;;;;;;;;;;;;;;;;;;;;;;;;;;;;;;;;;;;;
Chili;Hacienda Araucano;Rouge ;Humo Blanco Pinot Noir ;2018;;;;;;;91;;;;;;;;;;;;;;;;;;;;;;;;;;;;;;;;;;;;;;;;;;
Chili;Hacienda Araucano;Rouge ;CLO Tinto;2017;;;;;;;92;;;;;;;;;;;;;;;;;;;;;;;;;;;;;;;;;;;;;;;;;;
Chili;Hacienda Araucano;Rouge ;Edicion Limitada - Cabernet Sauvignon;2022;;;;;;;90;;;;;;;;;;;;;;;;;;;;;;;;;;;;;;;;;;;;;;;;;;
